
	<!DOCTYPE project [
		<!ELEMENT project (objectids-table | current-scenario | duration | aggregation-period | truncated-mean | percentile)* >
	
		<!ELEMENT objectids-table (objectids-entry)* >
		<!ELEMENT objectids-entry (#PCDATA)>
		<!ELEMENT duration (#PCDATA)>
		<!ELEMENT truncated-mean (#PCDATA)>
		<!ELEMENT percentile (#PCDATA)>
		<!ELEMENT aggregation-period (#PCDATA)>
		<!ELEMENT current-scenario (#PCDATA)>
		<!ATTLIST duration
		    value CDATA #REQUIRED>
	    <!ATTLIST aggregation-period
		    value CDATA #REQUIRED>
		<!ATTLIST objectids-entry
		    objectid CDATA #REQUIRED
		    type CDATA #REQUIRED
		    value CDATA #REQUIRED
		    key CDATA #REQUIRED>
		<!ATTLIST truncated-mean
		    centered-interval CDATA #REQUIRED
		    percentage CDATA #REQUIRED>
		 <!ATTLIST percentile
		    percentage CDATA #REQUIRED>
	]>


<!--****** RUNTIME PROJECT ******--><project>
<!--****** CURRENT SCENARIO ******-->
<current-scenario>konakart_load_webinar</current-scenario>
<!--****** OBJECTIDS ******-->
<objectids-table>
<objectids-entry key="" objectid="0" type="LG_HOST" value="localhost:7100"/>
<objectids-entry key="" objectid="1" type="ZONE" value="Default zone"/>
<objectids-entry key="Default zone¤Retail¤" objectid="2" type="POPULATION" value="Retail"/>
<objectids-entry key="Default zone¤Retail¤Browser" objectid="3" type="VIRTUAL_USER" value="Browser"/>
<objectids-entry key="Default zone¤Retail¤Browser" objectid="4" type="BASIC_LOGICAL_CONTAINER" value="$parent=Browser;$index=0"/>
<objectids-entry key="Default zone¤Retail¤Browser" objectid="5" type="BASIC_LOGICAL_CONTAINER" value="$parent=Browser;$index=1"/>
<objectids-entry key="Default zone¤Retail¤Browser" objectid="6" type="BASIC_LOGICAL_CONTAINER" value="ec0e7073-903a-4f4f-ae76-cc5d228eae12"/>
<objectids-entry key="Default zone¤Retail¤Browser" objectid="7" type="HTTP_PAGE" value="391e6acf-0467-4236-bb05-38c2767cb9b6"/>
<objectids-entry key="Default zone¤Retail¤Browser" objectid="8" type="ACTION" value="d27c99c5-51d7-494c-ad3c-f8a1e2e7f457"/>
<objectids-entry key="Default zone¤Retail¤Browser" objectid="9" type="ACTION" value="f260c09f-3c6d-4b8a-8726-247d9f9fe323"/>
<objectids-entry key="Default zone¤Retail¤Browser" objectid="10" type="HTTP_PAGE" value="6b2bf0bb-d0c1-4508-a74f-e8006fb2e1ce"/>
<objectids-entry key="Default zone¤Retail¤Browser" objectid="11" type="ACTION" value="5c3c3310-8b9b-4e94-a6ae-c6f6a57c8ea6"/>
<objectids-entry key="Default zone¤Retail¤Browser" objectid="12" type="ACTION" value="667a1259-2a93-49aa-a51c-d7e0e4c41530"/>
<objectids-entry key="Default zone¤Retail¤Browser" objectid="13" type="HTTP_PAGE" value="5aab725b-3c98-4727-a28f-194abdb31bf5"/>
<objectids-entry key="Default zone¤Retail¤Browser" objectid="14" type="ACTION" value="af5cae2c-b423-4d23-9cb5-b8058ee5ec18"/>
<objectids-entry key="Default zone¤Retail¤Browser" objectid="15" type="ACTION" value="5c229ab2-99dc-49e3-82b4-f1f077e64125"/>
<objectids-entry key="Default zone¤Retail¤Browser" objectid="16" type="ACTION" value="1481f2d6-21b4-431b-8886-ab1fabe7d79a"/>
<objectids-entry key="Default zone¤Retail¤Browser" objectid="17" type="ACTION" value="9e9ebd85-944c-4d1f-b93a-25db56e27787"/>
<objectids-entry key="Default zone¤Retail¤Browser" objectid="18" type="ACTION" value="7aae5589-e54e-45b8-b9e3-9b3d526ae5cc"/>
<objectids-entry key="Default zone¤Retail¤Browser" objectid="19" type="ACTION" value="b2a9840b-30ad-4a0d-8459-5512b259ab61"/>
<objectids-entry key="Default zone¤Retail¤Browser" objectid="20" type="ACTION" value="27aa211c-d3de-43b4-bfdd-254a799b3eb5"/>
<objectids-entry key="Default zone¤Retail¤Browser" objectid="21" type="ACTION" value="c080acb7-30fb-4c3b-aca4-15f182998cbc"/>
<objectids-entry key="Default zone¤Retail¤Browser" objectid="22" type="ACTION" value="d07e2fb4-da65-4199-b491-227dba62c814"/>
<objectids-entry key="Default zone¤Retail¤Browser" objectid="23" type="ACTION" value="b11ffbe1-533e-4fdf-a627-1f772f1a43c8"/>
<objectids-entry key="Default zone¤Retail¤Browser" objectid="24" type="ACTION" value="c3413878-5c3a-4f67-b47d-dbe4a2149dcc"/>
<objectids-entry key="Default zone¤Retail¤Browser" objectid="25" type="ACTION" value="7578b2e1-26e5-4d9e-8882-db3b052f8572"/>
<objectids-entry key="Default zone¤Retail¤Browser" objectid="26" type="ACTION" value="501c60a0-590a-421c-91f7-1a1f9cf1696a"/>
<objectids-entry key="Default zone¤Retail¤Browser" objectid="27" type="ACTION" value="771a8768-91d5-4f8d-aaf7-3f49180c6d3c"/>
<objectids-entry key="Default zone¤Retail¤Browser" objectid="28" type="ACTION" value="5f589582-0f7c-48d3-a7f6-5fd02e45992f"/>
<objectids-entry key="Default zone¤Retail¤Browser" objectid="29" type="ACTION" value="23731bf5-a205-477e-a71d-94323c9802a5"/>
<objectids-entry key="Default zone¤Retail¤Browser" objectid="30" type="ACTION" value="48b2a970-f1da-4200-a3b5-6b7b77f7ddd1"/>
<objectids-entry key="Default zone¤Retail¤Browser" objectid="31" type="ACTION" value="e0205d71-fb57-4ea3-b481-a0ae28fef51e"/>
<objectids-entry key="Default zone¤Retail¤Browser" objectid="32" type="ACTION" value="96259416-b681-40c2-a46a-e01bea639249"/>
<objectids-entry key="Default zone¤Retail¤Browser" objectid="33" type="ACTION" value="1bc861bd-3b7e-499a-9807-d3e6c8c49c26"/>
<objectids-entry key="Default zone¤Retail¤Browser" objectid="34" type="ACTION" value="5e01233f-5e7c-49aa-84ec-81432c85a00b"/>
<objectids-entry key="Default zone¤Retail¤Browser" objectid="35" type="ACTION" value="116229d1-27b2-4c45-b7bb-cd8f3746616f"/>
<objectids-entry key="Default zone¤Retail¤Browser" objectid="36" type="ACTION" value="87be5e15-8cdc-41d2-b732-37e10362ef02"/>
<objectids-entry key="Default zone¤Retail¤Browser" objectid="37" type="ACTION" value="a3197820-9555-47e6-b0d7-1d205f425836"/>
<objectids-entry key="Default zone¤Retail¤Browser" objectid="38" type="ACTION" value="a6ed2db4-b1cd-4b1a-a423-d643244cad83"/>
<objectids-entry key="Default zone¤Retail¤Browser" objectid="39" type="ACTION" value="2a1b1e06-3d5b-4ad4-bcde-717fce5a3065"/>
<objectids-entry key="Default zone¤Retail¤Browser" objectid="40" type="ACTION" value="8887de2a-c51b-4c47-b1d7-eba1a79599e8"/>
<objectids-entry key="Default zone¤Retail¤Browser" objectid="41" type="ACTION" value="7bbb99ae-3e8a-4d57-8e1a-7e63ea7eff1c"/>
<objectids-entry key="Default zone¤Retail¤Browser" objectid="42" type="ACTION" value="6ab578dc-b542-4532-91fb-13a23417523d"/>
<objectids-entry key="Default zone¤Retail¤Browser" objectid="43" type="ACTION" value="2cfe7168-eebb-4f37-b3f2-e90a027b6e7b"/>
<objectids-entry key="Default zone¤Retail¤Browser" objectid="44" type="ACTION" value="2c41c919-02b3-4663-99c5-abc26bb35416"/>
<objectids-entry key="Default zone¤Retail¤Browser" objectid="45" type="ACTION" value="2b672a3e-77eb-49b9-bfee-a097c15a0e19"/>
<objectids-entry key="Default zone¤Retail¤Browser" objectid="46" type="ACTION" value="225692df-473b-4fad-8fbd-7317a9f3de3b"/>
<objectids-entry key="Default zone¤Retail¤Browser" objectid="47" type="ACTION" value="0ef30d74-1859-4771-acc7-54ec40144931"/>
<objectids-entry key="Default zone¤Retail¤Browser" objectid="48" type="ACTION" value="08b12d41-e6e9-488e-91d1-4a6d6de9a956"/>
<objectids-entry key="Default zone¤Retail¤Browser" objectid="49" type="ACTION" value="da76aea9-1a94-4ca4-9f5c-27b630c09b75"/>
<objectids-entry key="Default zone¤Retail¤Browser" objectid="50" type="ACTION" value="7232cc35-ad05-44f5-acff-a506723737e2"/>
<objectids-entry key="Default zone¤Retail¤Browser" objectid="51" type="ACTION" value="c078c121-3113-4c2d-b686-73b559756bda"/>
<objectids-entry key="Default zone¤Retail¤Browser" objectid="52" type="ACTION" value="6c282b27-c252-40c1-8f8a-0e948fe0d8c9"/>
<objectids-entry key="Default zone¤Retail¤Browser" objectid="53" type="ACTION" value="16a9d9aa-410f-4f7a-a2eb-2344a7c69b58"/>
<objectids-entry key="Default zone¤Retail¤Browser" objectid="54" type="ACTION" value="6b865a13-df5f-4f0e-86db-ff53d64fcb29"/>
<objectids-entry key="Default zone¤Retail¤Browser" objectid="55" type="HTTP_PAGE" value="36426ffa-b476-4d76-aeed-2633f6dde68d"/>
<objectids-entry key="Default zone¤Retail¤Browser" objectid="56" type="ACTION" value="b2c2bdbb-1798-4cf0-9c6d-ead6cb3e5c0a"/>
<objectids-entry key="Default zone¤Retail¤Browser" objectid="57" type="ACTION" value="8652f895-3808-49b4-94d2-8307b75d67b5"/>
<objectids-entry key="Default zone¤Retail¤Browser" objectid="58" type="ACTION" value="eb02a3a2-23f7-402e-a756-bff9940176dc"/>
<objectids-entry key="Default zone¤Retail¤Browser" objectid="59" type="ACTION" value="24f823d1-15b6-416e-a1be-0c656aa7f9f1"/>
<objectids-entry key="Default zone¤Retail¤Browser" objectid="60" type="ACTION" value="17ce9578-e071-42a9-a324-6366735561b5"/>
<objectids-entry key="Default zone¤Retail¤Browser" objectid="61" type="ACTION" value="0bfb9686-1f11-4de2-8ddb-f0eab623a5f6"/>
<objectids-entry key="Default zone¤Retail¤Browser" objectid="62" type="ACTION" value="3a23b21e-bbff-41d1-b8c6-a9c064299471"/>
<objectids-entry key="Default zone¤Retail¤Browser" objectid="63" type="ACTION" value="d4b1eeb9-147d-4a83-8dd8-1e697b4f2bdd"/>
<objectids-entry key="Default zone¤Retail¤Browser" objectid="64" type="HTTP_PAGE" value="42859f85-1539-4048-a7f6-db0147b02c08"/>
<objectids-entry key="Default zone¤Retail¤Browser" objectid="65" type="ACTION" value="019ecfd4-4ef8-41a8-86ed-233306a22c34"/>
<objectids-entry key="Default zone¤Retail¤Browser¤ec0e7073-903a-4f4f-ae76-cc5d228eae12" objectid="66" type="SLA_THRESHOLD" value="fc166381-45df-4e9d-b72c-9edd90b31f6b"/>
<objectids-entry key="Default zone¤Retail¤Browser¤ec0e7073-903a-4f4f-ae76-cc5d228eae12" objectid="67" type="SLA_THRESHOLD" value="35c39a97-82df-4122-af04-ff39b5114a34"/>
<objectids-entry key="Default zone¤Retail¤Browser¤ec0e7073-903a-4f4f-ae76-cc5d228eae12" objectid="68" type="SLA_THRESHOLD" value="40a334ea-9e18-49f7-b496-f809b5d44da4"/>
<objectids-entry key="Default zone¤Retail¤Browser¤ec0e7073-903a-4f4f-ae76-cc5d228eae12" objectid="69" type="SLA_THRESHOLD" value="9a038a4a-fb75-4fc5-81c9-15cebca54c42"/>
<objectids-entry key="Default zone¤Retail¤Browser¤ec0e7073-903a-4f4f-ae76-cc5d228eae12" objectid="70" type="SLA_THRESHOLD" value="28a8c925-166d-46df-9684-b84d52d41981"/>
<objectids-entry key="Default zone¤Retail¤Browser¤ec0e7073-903a-4f4f-ae76-cc5d228eae12" objectid="71" type="SLA_THRESHOLD" value="1d80ee3b-f20f-4c38-827d-e11b89a83737"/>
<objectids-entry key="Default zone¤Retail¤Browser¤ec0e7073-903a-4f4f-ae76-cc5d228eae12" objectid="72" type="SLA_THRESHOLD" value="66fc907a-f907-45a8-b087-ad79b6923d4a"/>
<objectids-entry key="Default zone¤Retail¤Browser¤ec0e7073-903a-4f4f-ae76-cc5d228eae12" objectid="73" type="SLA_THRESHOLD" value="5027d115-737b-422e-89e4-75d547d35304"/>
<objectids-entry key="Default zone¤Retail¤Browser¤ec0e7073-903a-4f4f-ae76-cc5d228eae12" objectid="74" type="SLA_THRESHOLD" value="278aaad9-c8f6-4e16-815d-557163cbddfa"/>
<objectids-entry key="Default zone¤Retail¤Browser¤ec0e7073-903a-4f4f-ae76-cc5d228eae12" objectid="75" type="SLA_THRESHOLD" value="19b5c085-6d1c-4514-abaf-5dd4c08b39c2"/>
<objectids-entry key="Default zone¤Retail¤Browser¤ec0e7073-903a-4f4f-ae76-cc5d228eae12" objectid="76" type="SLA_THRESHOLD" value="cda4fc1d-e21b-4e75-971b-edb31bf5556b"/>
<objectids-entry key="Default zone¤Retail¤Browser¤ec0e7073-903a-4f4f-ae76-cc5d228eae12" objectid="77" type="SLA_THRESHOLD" value="b1e2f339-89f2-4e51-9d2e-8fd5d86783af"/>
<objectids-entry key="Default zone¤Retail¤Browser¤ec0e7073-903a-4f4f-ae76-cc5d228eae12" objectid="78" type="SLA_THRESHOLD" value="a496cb65-e62e-4baf-a53b-1a14e8ab0483"/>
<objectids-entry key="Default zone¤Retail¤Browser¤ec0e7073-903a-4f4f-ae76-cc5d228eae12" objectid="79" type="SLA_THRESHOLD" value="803beaac-6b42-41ff-943a-7d129d0c405b"/>
<objectids-entry key="Default zone¤Retail¤Browser¤ec0e7073-903a-4f4f-ae76-cc5d228eae12" objectid="80" type="SLA_THRESHOLD" value="b2e8c1ff-5048-4cda-997f-f7980901a98b"/>
<objectids-entry key="Default zone¤Retail¤Browser" objectid="81" type="LOOP" value="de83cbec-5aea-4097-8de4-ae374ddd4721"/>
<objectids-entry key="Default zone¤Retail¤Browser" objectid="82" type="BASIC_LOGICAL_CONTAINER" value="ece69a65-c3b9-436f-9537-8086c04934b8"/>
<objectids-entry key="Default zone¤Retail¤Browser" objectid="83" type="HTTP_PAGE" value="3bdb2683-8067-45ae-aa2a-4c9fcb00ae5d"/>
<objectids-entry key="Default zone¤Retail¤Browser" objectid="84" type="ACTION" value="436c0b06-0ef6-4213-8ba1-8590305f5fab"/>
<objectids-entry key="Default zone¤Retail¤Browser" objectid="85" type="ACTION" value="7a8d5acc-3d00-4ec0-8423-36527ec972bb"/>
<objectids-entry key="Default zone¤Retail¤Browser" objectid="86" type="ACTION" value="be3938c9-7305-421b-a486-94b0e5e37679"/>
<objectids-entry key="Default zone¤Retail¤Browser" objectid="87" type="ACTION" value="87b7298b-7d59-4eb3-acc8-99b8eefdbd32"/>
<objectids-entry key="Default zone¤Retail¤Browser" objectid="88" type="ACTION" value="bcb90efd-c1cd-493f-a150-8b70fc475c31"/>
<objectids-entry key="Default zone¤Retail¤Browser" objectid="89" type="ACTION" value="da7cf84f-dee6-46d5-8c4d-cc925308483f"/>
<objectids-entry key="Default zone¤Retail¤Browser" objectid="90" type="ACTION" value="92d04ffc-fc22-4d26-8eb9-6cc84c0dd461"/>
<objectids-entry key="Default zone¤Retail¤Browser" objectid="91" type="LOOP" value="18fcb24e-1705-4cf9-9321-c611988f9841"/>
<objectids-entry key="Default zone¤Retail¤Browser" objectid="92" type="ACTION" value="b6830d18-a8a9-435f-8e51-16ef32ce1d40"/>
<objectids-entry key="Default zone¤Retail¤Browser¤ece69a65-c3b9-436f-9537-8086c04934b8" objectid="93" type="SLA_THRESHOLD" value="fc166381-45df-4e9d-b72c-9edd90b31f6b"/>
<objectids-entry key="Default zone¤Retail¤Browser¤ece69a65-c3b9-436f-9537-8086c04934b8" objectid="94" type="SLA_THRESHOLD" value="35c39a97-82df-4122-af04-ff39b5114a34"/>
<objectids-entry key="Default zone¤Retail¤Browser¤ece69a65-c3b9-436f-9537-8086c04934b8" objectid="95" type="SLA_THRESHOLD" value="40a334ea-9e18-49f7-b496-f809b5d44da4"/>
<objectids-entry key="Default zone¤Retail¤Browser¤ece69a65-c3b9-436f-9537-8086c04934b8" objectid="96" type="SLA_THRESHOLD" value="9a038a4a-fb75-4fc5-81c9-15cebca54c42"/>
<objectids-entry key="Default zone¤Retail¤Browser¤ece69a65-c3b9-436f-9537-8086c04934b8" objectid="97" type="SLA_THRESHOLD" value="28a8c925-166d-46df-9684-b84d52d41981"/>
<objectids-entry key="Default zone¤Retail¤Browser¤ece69a65-c3b9-436f-9537-8086c04934b8" objectid="98" type="SLA_THRESHOLD" value="1d80ee3b-f20f-4c38-827d-e11b89a83737"/>
<objectids-entry key="Default zone¤Retail¤Browser¤ece69a65-c3b9-436f-9537-8086c04934b8" objectid="99" type="SLA_THRESHOLD" value="66fc907a-f907-45a8-b087-ad79b6923d4a"/>
<objectids-entry key="Default zone¤Retail¤Browser¤ece69a65-c3b9-436f-9537-8086c04934b8" objectid="100" type="SLA_THRESHOLD" value="5027d115-737b-422e-89e4-75d547d35304"/>
<objectids-entry key="Default zone¤Retail¤Browser¤ece69a65-c3b9-436f-9537-8086c04934b8" objectid="101" type="SLA_THRESHOLD" value="278aaad9-c8f6-4e16-815d-557163cbddfa"/>
<objectids-entry key="Default zone¤Retail¤Browser¤ece69a65-c3b9-436f-9537-8086c04934b8" objectid="102" type="SLA_THRESHOLD" value="19b5c085-6d1c-4514-abaf-5dd4c08b39c2"/>
<objectids-entry key="Default zone¤Retail¤Browser¤ece69a65-c3b9-436f-9537-8086c04934b8" objectid="103" type="SLA_THRESHOLD" value="cda4fc1d-e21b-4e75-971b-edb31bf5556b"/>
<objectids-entry key="Default zone¤Retail¤Browser¤ece69a65-c3b9-436f-9537-8086c04934b8" objectid="104" type="SLA_THRESHOLD" value="b1e2f339-89f2-4e51-9d2e-8fd5d86783af"/>
<objectids-entry key="Default zone¤Retail¤Browser¤ece69a65-c3b9-436f-9537-8086c04934b8" objectid="105" type="SLA_THRESHOLD" value="a496cb65-e62e-4baf-a53b-1a14e8ab0483"/>
<objectids-entry key="Default zone¤Retail¤Browser¤ece69a65-c3b9-436f-9537-8086c04934b8" objectid="106" type="SLA_THRESHOLD" value="803beaac-6b42-41ff-943a-7d129d0c405b"/>
<objectids-entry key="Default zone¤Retail¤Browser¤ece69a65-c3b9-436f-9537-8086c04934b8" objectid="107" type="SLA_THRESHOLD" value="b2e8c1ff-5048-4cda-997f-f7980901a98b"/>
<objectids-entry key="Default zone¤Retail¤Browser" objectid="108" type="BASIC_LOGICAL_CONTAINER" value="b905bad1-a31e-46b2-8637-6b56158e4e00"/>
<objectids-entry key="Default zone¤Retail¤Browser" objectid="109" type="HTTP_PAGE" value="907ac5fb-a19e-4ebb-98b0-1e5b10258039"/>
<objectids-entry key="Default zone¤Retail¤Browser" objectid="110" type="ACTION" value="4cc0b656-daf6-4fd5-b6bd-c5bdd273961c"/>
<objectids-entry key="Default zone¤Retail¤Browser" objectid="111" type="ACTION" value="64dedf01-d213-471d-8438-e4d8af26834f"/>
<objectids-entry key="Default zone¤Retail¤Browser" objectid="112" type="ACTION" value="74c4c136-1b58-4d5c-a9fa-930e55c487da"/>
<objectids-entry key="Default zone¤Retail¤Browser" objectid="113" type="ACTION" value="c9ed9658-0368-443c-9428-65d8372d96c8"/>
<objectids-entry key="Default zone¤Retail¤Browser¤b905bad1-a31e-46b2-8637-6b56158e4e00" objectid="114" type="SLA_THRESHOLD" value="fc166381-45df-4e9d-b72c-9edd90b31f6b"/>
<objectids-entry key="Default zone¤Retail¤Browser¤b905bad1-a31e-46b2-8637-6b56158e4e00" objectid="115" type="SLA_THRESHOLD" value="35c39a97-82df-4122-af04-ff39b5114a34"/>
<objectids-entry key="Default zone¤Retail¤Browser¤b905bad1-a31e-46b2-8637-6b56158e4e00" objectid="116" type="SLA_THRESHOLD" value="40a334ea-9e18-49f7-b496-f809b5d44da4"/>
<objectids-entry key="Default zone¤Retail¤Browser¤b905bad1-a31e-46b2-8637-6b56158e4e00" objectid="117" type="SLA_THRESHOLD" value="9a038a4a-fb75-4fc5-81c9-15cebca54c42"/>
<objectids-entry key="Default zone¤Retail¤Browser¤b905bad1-a31e-46b2-8637-6b56158e4e00" objectid="118" type="SLA_THRESHOLD" value="28a8c925-166d-46df-9684-b84d52d41981"/>
<objectids-entry key="Default zone¤Retail¤Browser¤b905bad1-a31e-46b2-8637-6b56158e4e00" objectid="119" type="SLA_THRESHOLD" value="1d80ee3b-f20f-4c38-827d-e11b89a83737"/>
<objectids-entry key="Default zone¤Retail¤Browser¤b905bad1-a31e-46b2-8637-6b56158e4e00" objectid="120" type="SLA_THRESHOLD" value="66fc907a-f907-45a8-b087-ad79b6923d4a"/>
<objectids-entry key="Default zone¤Retail¤Browser¤b905bad1-a31e-46b2-8637-6b56158e4e00" objectid="121" type="SLA_THRESHOLD" value="5027d115-737b-422e-89e4-75d547d35304"/>
<objectids-entry key="Default zone¤Retail¤Browser¤b905bad1-a31e-46b2-8637-6b56158e4e00" objectid="122" type="SLA_THRESHOLD" value="278aaad9-c8f6-4e16-815d-557163cbddfa"/>
<objectids-entry key="Default zone¤Retail¤Browser¤b905bad1-a31e-46b2-8637-6b56158e4e00" objectid="123" type="SLA_THRESHOLD" value="19b5c085-6d1c-4514-abaf-5dd4c08b39c2"/>
<objectids-entry key="Default zone¤Retail¤Browser¤b905bad1-a31e-46b2-8637-6b56158e4e00" objectid="124" type="SLA_THRESHOLD" value="cda4fc1d-e21b-4e75-971b-edb31bf5556b"/>
<objectids-entry key="Default zone¤Retail¤Browser¤b905bad1-a31e-46b2-8637-6b56158e4e00" objectid="125" type="SLA_THRESHOLD" value="b1e2f339-89f2-4e51-9d2e-8fd5d86783af"/>
<objectids-entry key="Default zone¤Retail¤Browser¤b905bad1-a31e-46b2-8637-6b56158e4e00" objectid="126" type="SLA_THRESHOLD" value="a496cb65-e62e-4baf-a53b-1a14e8ab0483"/>
<objectids-entry key="Default zone¤Retail¤Browser¤b905bad1-a31e-46b2-8637-6b56158e4e00" objectid="127" type="SLA_THRESHOLD" value="803beaac-6b42-41ff-943a-7d129d0c405b"/>
<objectids-entry key="Default zone¤Retail¤Browser¤b905bad1-a31e-46b2-8637-6b56158e4e00" objectid="128" type="SLA_THRESHOLD" value="b2e8c1ff-5048-4cda-997f-f7980901a98b"/>
<objectids-entry key="Default zone¤Retail¤Browser" objectid="129" type="BASIC_LOGICAL_CONTAINER" value="ae52b0e2-0765-4e2b-9b2e-231cbecb0f00"/>
<objectids-entry key="Default zone¤Retail¤Browser" objectid="130" type="HTTP_PAGE" value="68e78df2-efa7-4355-838c-f959945af6b6"/>
<objectids-entry key="Default zone¤Retail¤Browser" objectid="131" type="ACTION" value="db73ee3f-2b5d-40df-a981-8c7ef3777fe9"/>
<objectids-entry key="Default zone¤Retail¤Browser" objectid="132" type="BASIC_LOGICAL_CONTAINER" value="f2867473-60f2-4f02-a12f-d265ec97c1d2"/>
<objectids-entry key="Default zone¤Retail¤Browser" objectid="133" type="HTTP_PAGE" value="60b5b5c9-0e61-4dbf-a02b-6b340306c181"/>
<objectids-entry key="Default zone¤Retail¤Browser" objectid="134" type="ACTION" value="8af285e6-f912-4f3d-ad6d-c853fe55db83"/>
<objectids-entry key="Default zone¤Retail¤Browser" objectid="135" type="LOOP" value="638eda0e-ac19-481a-bbba-f48f35fb07c8"/>
<objectids-entry key="Default zone¤Retail¤Browser" objectid="136" type="ACTION" value="e4424078-7c40-49aa-afe8-6b0f720256de"/>
<objectids-entry key="Default zone¤Retail¤Browser¤f2867473-60f2-4f02-a12f-d265ec97c1d2" objectid="137" type="SLA_THRESHOLD" value="fc166381-45df-4e9d-b72c-9edd90b31f6b"/>
<objectids-entry key="Default zone¤Retail¤Browser¤f2867473-60f2-4f02-a12f-d265ec97c1d2" objectid="138" type="SLA_THRESHOLD" value="35c39a97-82df-4122-af04-ff39b5114a34"/>
<objectids-entry key="Default zone¤Retail¤Browser¤f2867473-60f2-4f02-a12f-d265ec97c1d2" objectid="139" type="SLA_THRESHOLD" value="40a334ea-9e18-49f7-b496-f809b5d44da4"/>
<objectids-entry key="Default zone¤Retail¤Browser¤f2867473-60f2-4f02-a12f-d265ec97c1d2" objectid="140" type="SLA_THRESHOLD" value="9a038a4a-fb75-4fc5-81c9-15cebca54c42"/>
<objectids-entry key="Default zone¤Retail¤Browser¤f2867473-60f2-4f02-a12f-d265ec97c1d2" objectid="141" type="SLA_THRESHOLD" value="28a8c925-166d-46df-9684-b84d52d41981"/>
<objectids-entry key="Default zone¤Retail¤Browser¤f2867473-60f2-4f02-a12f-d265ec97c1d2" objectid="142" type="SLA_THRESHOLD" value="1d80ee3b-f20f-4c38-827d-e11b89a83737"/>
<objectids-entry key="Default zone¤Retail¤Browser¤f2867473-60f2-4f02-a12f-d265ec97c1d2" objectid="143" type="SLA_THRESHOLD" value="66fc907a-f907-45a8-b087-ad79b6923d4a"/>
<objectids-entry key="Default zone¤Retail¤Browser¤f2867473-60f2-4f02-a12f-d265ec97c1d2" objectid="144" type="SLA_THRESHOLD" value="5027d115-737b-422e-89e4-75d547d35304"/>
<objectids-entry key="Default zone¤Retail¤Browser¤f2867473-60f2-4f02-a12f-d265ec97c1d2" objectid="145" type="SLA_THRESHOLD" value="278aaad9-c8f6-4e16-815d-557163cbddfa"/>
<objectids-entry key="Default zone¤Retail¤Browser¤f2867473-60f2-4f02-a12f-d265ec97c1d2" objectid="146" type="SLA_THRESHOLD" value="19b5c085-6d1c-4514-abaf-5dd4c08b39c2"/>
<objectids-entry key="Default zone¤Retail¤Browser¤f2867473-60f2-4f02-a12f-d265ec97c1d2" objectid="147" type="SLA_THRESHOLD" value="cda4fc1d-e21b-4e75-971b-edb31bf5556b"/>
<objectids-entry key="Default zone¤Retail¤Browser¤f2867473-60f2-4f02-a12f-d265ec97c1d2" objectid="148" type="SLA_THRESHOLD" value="b1e2f339-89f2-4e51-9d2e-8fd5d86783af"/>
<objectids-entry key="Default zone¤Retail¤Browser¤f2867473-60f2-4f02-a12f-d265ec97c1d2" objectid="149" type="SLA_THRESHOLD" value="a496cb65-e62e-4baf-a53b-1a14e8ab0483"/>
<objectids-entry key="Default zone¤Retail¤Browser¤f2867473-60f2-4f02-a12f-d265ec97c1d2" objectid="150" type="SLA_THRESHOLD" value="803beaac-6b42-41ff-943a-7d129d0c405b"/>
<objectids-entry key="Default zone¤Retail¤Browser¤f2867473-60f2-4f02-a12f-d265ec97c1d2" objectid="151" type="SLA_THRESHOLD" value="b2e8c1ff-5048-4cda-997f-f7980901a98b"/>
<objectids-entry key="Default zone¤Retail¤Browser" objectid="152" type="BASIC_LOGICAL_CONTAINER" value="3e6ff61d-ef8c-409e-ac9c-e6ab15ee7701"/>
<objectids-entry key="Default zone¤Retail¤Browser" objectid="153" type="HTTP_PAGE" value="b940d97d-9fba-4f82-a6dc-ee6c136e9951"/>
<objectids-entry key="Default zone¤Retail¤Browser" objectid="154" type="ACTION" value="c2eec548-86e7-438f-81b8-1eaeefb99d05"/>
<objectids-entry key="Default zone¤Retail¤Browser" objectid="155" type="ACTION" value="3357096f-87bc-46a7-9915-d41df5167d74"/>
<objectids-entry key="Default zone¤Retail¤Browser" objectid="156" type="BASIC_LOGICAL_CONTAINER" value="$parent=Browser;$index=2"/>
<objectids-entry key="Default zone¤Retail¤Buyer" objectid="157" type="VIRTUAL_USER" value="Buyer"/>
<objectids-entry key="Default zone¤Retail¤Buyer" objectid="158" type="BASIC_LOGICAL_CONTAINER" value="$parent=Buyer;$index=0"/>
<objectids-entry key="Default zone¤Retail¤Buyer" objectid="159" type="BASIC_LOGICAL_CONTAINER" value="$parent=Buyer;$index=1"/>
<objectids-entry key="Default zone¤Retail¤Buyer" objectid="160" type="BASIC_LOGICAL_CONTAINER" value="ec0e7073-903a-4f4f-ae76-cc5d228eae12"/>
<objectids-entry key="Default zone¤Retail¤Buyer" objectid="161" type="HTTP_PAGE" value="391e6acf-0467-4236-bb05-38c2767cb9b6"/>
<objectids-entry key="Default zone¤Retail¤Buyer" objectid="162" type="ACTION" value="d27c99c5-51d7-494c-ad3c-f8a1e2e7f457"/>
<objectids-entry key="Default zone¤Retail¤Buyer" objectid="163" type="ACTION" value="f260c09f-3c6d-4b8a-8726-247d9f9fe323"/>
<objectids-entry key="Default zone¤Retail¤Buyer" objectid="164" type="HTTP_PAGE" value="6b2bf0bb-d0c1-4508-a74f-e8006fb2e1ce"/>
<objectids-entry key="Default zone¤Retail¤Buyer" objectid="165" type="ACTION" value="5c3c3310-8b9b-4e94-a6ae-c6f6a57c8ea6"/>
<objectids-entry key="Default zone¤Retail¤Buyer" objectid="166" type="ACTION" value="667a1259-2a93-49aa-a51c-d7e0e4c41530"/>
<objectids-entry key="Default zone¤Retail¤Buyer" objectid="167" type="HTTP_PAGE" value="5aab725b-3c98-4727-a28f-194abdb31bf5"/>
<objectids-entry key="Default zone¤Retail¤Buyer" objectid="168" type="ACTION" value="af5cae2c-b423-4d23-9cb5-b8058ee5ec18"/>
<objectids-entry key="Default zone¤Retail¤Buyer" objectid="169" type="ACTION" value="5c229ab2-99dc-49e3-82b4-f1f077e64125"/>
<objectids-entry key="Default zone¤Retail¤Buyer" objectid="170" type="ACTION" value="1481f2d6-21b4-431b-8886-ab1fabe7d79a"/>
<objectids-entry key="Default zone¤Retail¤Buyer" objectid="171" type="ACTION" value="9e9ebd85-944c-4d1f-b93a-25db56e27787"/>
<objectids-entry key="Default zone¤Retail¤Buyer" objectid="172" type="ACTION" value="7aae5589-e54e-45b8-b9e3-9b3d526ae5cc"/>
<objectids-entry key="Default zone¤Retail¤Buyer" objectid="173" type="ACTION" value="b2a9840b-30ad-4a0d-8459-5512b259ab61"/>
<objectids-entry key="Default zone¤Retail¤Buyer" objectid="174" type="ACTION" value="27aa211c-d3de-43b4-bfdd-254a799b3eb5"/>
<objectids-entry key="Default zone¤Retail¤Buyer" objectid="175" type="ACTION" value="c080acb7-30fb-4c3b-aca4-15f182998cbc"/>
<objectids-entry key="Default zone¤Retail¤Buyer" objectid="176" type="ACTION" value="d07e2fb4-da65-4199-b491-227dba62c814"/>
<objectids-entry key="Default zone¤Retail¤Buyer" objectid="177" type="ACTION" value="b11ffbe1-533e-4fdf-a627-1f772f1a43c8"/>
<objectids-entry key="Default zone¤Retail¤Buyer" objectid="178" type="ACTION" value="c3413878-5c3a-4f67-b47d-dbe4a2149dcc"/>
<objectids-entry key="Default zone¤Retail¤Buyer" objectid="179" type="ACTION" value="7578b2e1-26e5-4d9e-8882-db3b052f8572"/>
<objectids-entry key="Default zone¤Retail¤Buyer" objectid="180" type="ACTION" value="501c60a0-590a-421c-91f7-1a1f9cf1696a"/>
<objectids-entry key="Default zone¤Retail¤Buyer" objectid="181" type="ACTION" value="771a8768-91d5-4f8d-aaf7-3f49180c6d3c"/>
<objectids-entry key="Default zone¤Retail¤Buyer" objectid="182" type="ACTION" value="5f589582-0f7c-48d3-a7f6-5fd02e45992f"/>
<objectids-entry key="Default zone¤Retail¤Buyer" objectid="183" type="ACTION" value="23731bf5-a205-477e-a71d-94323c9802a5"/>
<objectids-entry key="Default zone¤Retail¤Buyer" objectid="184" type="ACTION" value="48b2a970-f1da-4200-a3b5-6b7b77f7ddd1"/>
<objectids-entry key="Default zone¤Retail¤Buyer" objectid="185" type="ACTION" value="e0205d71-fb57-4ea3-b481-a0ae28fef51e"/>
<objectids-entry key="Default zone¤Retail¤Buyer" objectid="186" type="ACTION" value="96259416-b681-40c2-a46a-e01bea639249"/>
<objectids-entry key="Default zone¤Retail¤Buyer" objectid="187" type="ACTION" value="1bc861bd-3b7e-499a-9807-d3e6c8c49c26"/>
<objectids-entry key="Default zone¤Retail¤Buyer" objectid="188" type="ACTION" value="5e01233f-5e7c-49aa-84ec-81432c85a00b"/>
<objectids-entry key="Default zone¤Retail¤Buyer" objectid="189" type="ACTION" value="116229d1-27b2-4c45-b7bb-cd8f3746616f"/>
<objectids-entry key="Default zone¤Retail¤Buyer" objectid="190" type="ACTION" value="87be5e15-8cdc-41d2-b732-37e10362ef02"/>
<objectids-entry key="Default zone¤Retail¤Buyer" objectid="191" type="ACTION" value="a3197820-9555-47e6-b0d7-1d205f425836"/>
<objectids-entry key="Default zone¤Retail¤Buyer" objectid="192" type="ACTION" value="a6ed2db4-b1cd-4b1a-a423-d643244cad83"/>
<objectids-entry key="Default zone¤Retail¤Buyer" objectid="193" type="ACTION" value="2a1b1e06-3d5b-4ad4-bcde-717fce5a3065"/>
<objectids-entry key="Default zone¤Retail¤Buyer" objectid="194" type="ACTION" value="8887de2a-c51b-4c47-b1d7-eba1a79599e8"/>
<objectids-entry key="Default zone¤Retail¤Buyer" objectid="195" type="ACTION" value="7bbb99ae-3e8a-4d57-8e1a-7e63ea7eff1c"/>
<objectids-entry key="Default zone¤Retail¤Buyer" objectid="196" type="ACTION" value="6ab578dc-b542-4532-91fb-13a23417523d"/>
<objectids-entry key="Default zone¤Retail¤Buyer" objectid="197" type="ACTION" value="2cfe7168-eebb-4f37-b3f2-e90a027b6e7b"/>
<objectids-entry key="Default zone¤Retail¤Buyer" objectid="198" type="ACTION" value="2c41c919-02b3-4663-99c5-abc26bb35416"/>
<objectids-entry key="Default zone¤Retail¤Buyer" objectid="199" type="ACTION" value="2b672a3e-77eb-49b9-bfee-a097c15a0e19"/>
<objectids-entry key="Default zone¤Retail¤Buyer" objectid="200" type="ACTION" value="225692df-473b-4fad-8fbd-7317a9f3de3b"/>
<objectids-entry key="Default zone¤Retail¤Buyer" objectid="201" type="ACTION" value="0ef30d74-1859-4771-acc7-54ec40144931"/>
<objectids-entry key="Default zone¤Retail¤Buyer" objectid="202" type="ACTION" value="08b12d41-e6e9-488e-91d1-4a6d6de9a956"/>
<objectids-entry key="Default zone¤Retail¤Buyer" objectid="203" type="ACTION" value="da76aea9-1a94-4ca4-9f5c-27b630c09b75"/>
<objectids-entry key="Default zone¤Retail¤Buyer" objectid="204" type="ACTION" value="7232cc35-ad05-44f5-acff-a506723737e2"/>
<objectids-entry key="Default zone¤Retail¤Buyer" objectid="205" type="ACTION" value="c078c121-3113-4c2d-b686-73b559756bda"/>
<objectids-entry key="Default zone¤Retail¤Buyer" objectid="206" type="ACTION" value="6c282b27-c252-40c1-8f8a-0e948fe0d8c9"/>
<objectids-entry key="Default zone¤Retail¤Buyer" objectid="207" type="ACTION" value="16a9d9aa-410f-4f7a-a2eb-2344a7c69b58"/>
<objectids-entry key="Default zone¤Retail¤Buyer" objectid="208" type="ACTION" value="6b865a13-df5f-4f0e-86db-ff53d64fcb29"/>
<objectids-entry key="Default zone¤Retail¤Buyer" objectid="209" type="HTTP_PAGE" value="36426ffa-b476-4d76-aeed-2633f6dde68d"/>
<objectids-entry key="Default zone¤Retail¤Buyer" objectid="210" type="ACTION" value="b2c2bdbb-1798-4cf0-9c6d-ead6cb3e5c0a"/>
<objectids-entry key="Default zone¤Retail¤Buyer" objectid="211" type="ACTION" value="8652f895-3808-49b4-94d2-8307b75d67b5"/>
<objectids-entry key="Default zone¤Retail¤Buyer" objectid="212" type="ACTION" value="eb02a3a2-23f7-402e-a756-bff9940176dc"/>
<objectids-entry key="Default zone¤Retail¤Buyer" objectid="213" type="ACTION" value="24f823d1-15b6-416e-a1be-0c656aa7f9f1"/>
<objectids-entry key="Default zone¤Retail¤Buyer" objectid="214" type="ACTION" value="17ce9578-e071-42a9-a324-6366735561b5"/>
<objectids-entry key="Default zone¤Retail¤Buyer" objectid="215" type="ACTION" value="0bfb9686-1f11-4de2-8ddb-f0eab623a5f6"/>
<objectids-entry key="Default zone¤Retail¤Buyer" objectid="216" type="ACTION" value="3a23b21e-bbff-41d1-b8c6-a9c064299471"/>
<objectids-entry key="Default zone¤Retail¤Buyer" objectid="217" type="ACTION" value="d4b1eeb9-147d-4a83-8dd8-1e697b4f2bdd"/>
<objectids-entry key="Default zone¤Retail¤Buyer" objectid="218" type="HTTP_PAGE" value="42859f85-1539-4048-a7f6-db0147b02c08"/>
<objectids-entry key="Default zone¤Retail¤Buyer" objectid="219" type="ACTION" value="019ecfd4-4ef8-41a8-86ed-233306a22c34"/>
<objectids-entry key="Default zone¤Retail¤Buyer¤ec0e7073-903a-4f4f-ae76-cc5d228eae12" objectid="220" type="SLA_THRESHOLD" value="fc166381-45df-4e9d-b72c-9edd90b31f6b"/>
<objectids-entry key="Default zone¤Retail¤Buyer¤ec0e7073-903a-4f4f-ae76-cc5d228eae12" objectid="221" type="SLA_THRESHOLD" value="35c39a97-82df-4122-af04-ff39b5114a34"/>
<objectids-entry key="Default zone¤Retail¤Buyer¤ec0e7073-903a-4f4f-ae76-cc5d228eae12" objectid="222" type="SLA_THRESHOLD" value="40a334ea-9e18-49f7-b496-f809b5d44da4"/>
<objectids-entry key="Default zone¤Retail¤Buyer¤ec0e7073-903a-4f4f-ae76-cc5d228eae12" objectid="223" type="SLA_THRESHOLD" value="9a038a4a-fb75-4fc5-81c9-15cebca54c42"/>
<objectids-entry key="Default zone¤Retail¤Buyer¤ec0e7073-903a-4f4f-ae76-cc5d228eae12" objectid="224" type="SLA_THRESHOLD" value="28a8c925-166d-46df-9684-b84d52d41981"/>
<objectids-entry key="Default zone¤Retail¤Buyer¤ec0e7073-903a-4f4f-ae76-cc5d228eae12" objectid="225" type="SLA_THRESHOLD" value="1d80ee3b-f20f-4c38-827d-e11b89a83737"/>
<objectids-entry key="Default zone¤Retail¤Buyer¤ec0e7073-903a-4f4f-ae76-cc5d228eae12" objectid="226" type="SLA_THRESHOLD" value="66fc907a-f907-45a8-b087-ad79b6923d4a"/>
<objectids-entry key="Default zone¤Retail¤Buyer¤ec0e7073-903a-4f4f-ae76-cc5d228eae12" objectid="227" type="SLA_THRESHOLD" value="5027d115-737b-422e-89e4-75d547d35304"/>
<objectids-entry key="Default zone¤Retail¤Buyer¤ec0e7073-903a-4f4f-ae76-cc5d228eae12" objectid="228" type="SLA_THRESHOLD" value="278aaad9-c8f6-4e16-815d-557163cbddfa"/>
<objectids-entry key="Default zone¤Retail¤Buyer¤ec0e7073-903a-4f4f-ae76-cc5d228eae12" objectid="229" type="SLA_THRESHOLD" value="19b5c085-6d1c-4514-abaf-5dd4c08b39c2"/>
<objectids-entry key="Default zone¤Retail¤Buyer¤ec0e7073-903a-4f4f-ae76-cc5d228eae12" objectid="230" type="SLA_THRESHOLD" value="cda4fc1d-e21b-4e75-971b-edb31bf5556b"/>
<objectids-entry key="Default zone¤Retail¤Buyer¤ec0e7073-903a-4f4f-ae76-cc5d228eae12" objectid="231" type="SLA_THRESHOLD" value="b1e2f339-89f2-4e51-9d2e-8fd5d86783af"/>
<objectids-entry key="Default zone¤Retail¤Buyer¤ec0e7073-903a-4f4f-ae76-cc5d228eae12" objectid="232" type="SLA_THRESHOLD" value="a496cb65-e62e-4baf-a53b-1a14e8ab0483"/>
<objectids-entry key="Default zone¤Retail¤Buyer¤ec0e7073-903a-4f4f-ae76-cc5d228eae12" objectid="233" type="SLA_THRESHOLD" value="803beaac-6b42-41ff-943a-7d129d0c405b"/>
<objectids-entry key="Default zone¤Retail¤Buyer¤ec0e7073-903a-4f4f-ae76-cc5d228eae12" objectid="234" type="SLA_THRESHOLD" value="b2e8c1ff-5048-4cda-997f-f7980901a98b"/>
<objectids-entry key="Default zone¤Retail¤Buyer" objectid="235" type="BASIC_LOGICAL_CONTAINER" value="ece69a65-c3b9-436f-9537-8086c04934b8"/>
<objectids-entry key="Default zone¤Retail¤Buyer" objectid="236" type="HTTP_PAGE" value="3bdb2683-8067-45ae-aa2a-4c9fcb00ae5d"/>
<objectids-entry key="Default zone¤Retail¤Buyer" objectid="237" type="ACTION" value="436c0b06-0ef6-4213-8ba1-8590305f5fab"/>
<objectids-entry key="Default zone¤Retail¤Buyer" objectid="238" type="ACTION" value="7a8d5acc-3d00-4ec0-8423-36527ec972bb"/>
<objectids-entry key="Default zone¤Retail¤Buyer" objectid="239" type="ACTION" value="be3938c9-7305-421b-a486-94b0e5e37679"/>
<objectids-entry key="Default zone¤Retail¤Buyer" objectid="240" type="ACTION" value="87b7298b-7d59-4eb3-acc8-99b8eefdbd32"/>
<objectids-entry key="Default zone¤Retail¤Buyer" objectid="241" type="ACTION" value="bcb90efd-c1cd-493f-a150-8b70fc475c31"/>
<objectids-entry key="Default zone¤Retail¤Buyer" objectid="242" type="ACTION" value="da7cf84f-dee6-46d5-8c4d-cc925308483f"/>
<objectids-entry key="Default zone¤Retail¤Buyer" objectid="243" type="ACTION" value="92d04ffc-fc22-4d26-8eb9-6cc84c0dd461"/>
<objectids-entry key="Default zone¤Retail¤Buyer" objectid="244" type="LOOP" value="18fcb24e-1705-4cf9-9321-c611988f9841"/>
<objectids-entry key="Default zone¤Retail¤Buyer" objectid="245" type="ACTION" value="b6830d18-a8a9-435f-8e51-16ef32ce1d40"/>
<objectids-entry key="Default zone¤Retail¤Buyer¤ece69a65-c3b9-436f-9537-8086c04934b8" objectid="246" type="SLA_THRESHOLD" value="fc166381-45df-4e9d-b72c-9edd90b31f6b"/>
<objectids-entry key="Default zone¤Retail¤Buyer¤ece69a65-c3b9-436f-9537-8086c04934b8" objectid="247" type="SLA_THRESHOLD" value="35c39a97-82df-4122-af04-ff39b5114a34"/>
<objectids-entry key="Default zone¤Retail¤Buyer¤ece69a65-c3b9-436f-9537-8086c04934b8" objectid="248" type="SLA_THRESHOLD" value="40a334ea-9e18-49f7-b496-f809b5d44da4"/>
<objectids-entry key="Default zone¤Retail¤Buyer¤ece69a65-c3b9-436f-9537-8086c04934b8" objectid="249" type="SLA_THRESHOLD" value="9a038a4a-fb75-4fc5-81c9-15cebca54c42"/>
<objectids-entry key="Default zone¤Retail¤Buyer¤ece69a65-c3b9-436f-9537-8086c04934b8" objectid="250" type="SLA_THRESHOLD" value="28a8c925-166d-46df-9684-b84d52d41981"/>
<objectids-entry key="Default zone¤Retail¤Buyer¤ece69a65-c3b9-436f-9537-8086c04934b8" objectid="251" type="SLA_THRESHOLD" value="1d80ee3b-f20f-4c38-827d-e11b89a83737"/>
<objectids-entry key="Default zone¤Retail¤Buyer¤ece69a65-c3b9-436f-9537-8086c04934b8" objectid="252" type="SLA_THRESHOLD" value="66fc907a-f907-45a8-b087-ad79b6923d4a"/>
<objectids-entry key="Default zone¤Retail¤Buyer¤ece69a65-c3b9-436f-9537-8086c04934b8" objectid="253" type="SLA_THRESHOLD" value="5027d115-737b-422e-89e4-75d547d35304"/>
<objectids-entry key="Default zone¤Retail¤Buyer¤ece69a65-c3b9-436f-9537-8086c04934b8" objectid="254" type="SLA_THRESHOLD" value="278aaad9-c8f6-4e16-815d-557163cbddfa"/>
<objectids-entry key="Default zone¤Retail¤Buyer¤ece69a65-c3b9-436f-9537-8086c04934b8" objectid="255" type="SLA_THRESHOLD" value="19b5c085-6d1c-4514-abaf-5dd4c08b39c2"/>
<objectids-entry key="Default zone¤Retail¤Buyer¤ece69a65-c3b9-436f-9537-8086c04934b8" objectid="256" type="SLA_THRESHOLD" value="cda4fc1d-e21b-4e75-971b-edb31bf5556b"/>
<objectids-entry key="Default zone¤Retail¤Buyer¤ece69a65-c3b9-436f-9537-8086c04934b8" objectid="257" type="SLA_THRESHOLD" value="b1e2f339-89f2-4e51-9d2e-8fd5d86783af"/>
<objectids-entry key="Default zone¤Retail¤Buyer¤ece69a65-c3b9-436f-9537-8086c04934b8" objectid="258" type="SLA_THRESHOLD" value="a496cb65-e62e-4baf-a53b-1a14e8ab0483"/>
<objectids-entry key="Default zone¤Retail¤Buyer¤ece69a65-c3b9-436f-9537-8086c04934b8" objectid="259" type="SLA_THRESHOLD" value="803beaac-6b42-41ff-943a-7d129d0c405b"/>
<objectids-entry key="Default zone¤Retail¤Buyer¤ece69a65-c3b9-436f-9537-8086c04934b8" objectid="260" type="SLA_THRESHOLD" value="b2e8c1ff-5048-4cda-997f-f7980901a98b"/>
<objectids-entry key="Default zone¤Retail¤Buyer" objectid="261" type="BASIC_LOGICAL_CONTAINER" value="b905bad1-a31e-46b2-8637-6b56158e4e00"/>
<objectids-entry key="Default zone¤Retail¤Buyer" objectid="262" type="HTTP_PAGE" value="907ac5fb-a19e-4ebb-98b0-1e5b10258039"/>
<objectids-entry key="Default zone¤Retail¤Buyer" objectid="263" type="ACTION" value="4cc0b656-daf6-4fd5-b6bd-c5bdd273961c"/>
<objectids-entry key="Default zone¤Retail¤Buyer" objectid="264" type="ACTION" value="64dedf01-d213-471d-8438-e4d8af26834f"/>
<objectids-entry key="Default zone¤Retail¤Buyer" objectid="265" type="ACTION" value="74c4c136-1b58-4d5c-a9fa-930e55c487da"/>
<objectids-entry key="Default zone¤Retail¤Buyer" objectid="266" type="ACTION" value="c9ed9658-0368-443c-9428-65d8372d96c8"/>
<objectids-entry key="Default zone¤Retail¤Buyer¤b905bad1-a31e-46b2-8637-6b56158e4e00" objectid="267" type="SLA_THRESHOLD" value="fc166381-45df-4e9d-b72c-9edd90b31f6b"/>
<objectids-entry key="Default zone¤Retail¤Buyer¤b905bad1-a31e-46b2-8637-6b56158e4e00" objectid="268" type="SLA_THRESHOLD" value="35c39a97-82df-4122-af04-ff39b5114a34"/>
<objectids-entry key="Default zone¤Retail¤Buyer¤b905bad1-a31e-46b2-8637-6b56158e4e00" objectid="269" type="SLA_THRESHOLD" value="40a334ea-9e18-49f7-b496-f809b5d44da4"/>
<objectids-entry key="Default zone¤Retail¤Buyer¤b905bad1-a31e-46b2-8637-6b56158e4e00" objectid="270" type="SLA_THRESHOLD" value="9a038a4a-fb75-4fc5-81c9-15cebca54c42"/>
<objectids-entry key="Default zone¤Retail¤Buyer¤b905bad1-a31e-46b2-8637-6b56158e4e00" objectid="271" type="SLA_THRESHOLD" value="28a8c925-166d-46df-9684-b84d52d41981"/>
<objectids-entry key="Default zone¤Retail¤Buyer¤b905bad1-a31e-46b2-8637-6b56158e4e00" objectid="272" type="SLA_THRESHOLD" value="1d80ee3b-f20f-4c38-827d-e11b89a83737"/>
<objectids-entry key="Default zone¤Retail¤Buyer¤b905bad1-a31e-46b2-8637-6b56158e4e00" objectid="273" type="SLA_THRESHOLD" value="66fc907a-f907-45a8-b087-ad79b6923d4a"/>
<objectids-entry key="Default zone¤Retail¤Buyer¤b905bad1-a31e-46b2-8637-6b56158e4e00" objectid="274" type="SLA_THRESHOLD" value="5027d115-737b-422e-89e4-75d547d35304"/>
<objectids-entry key="Default zone¤Retail¤Buyer¤b905bad1-a31e-46b2-8637-6b56158e4e00" objectid="275" type="SLA_THRESHOLD" value="278aaad9-c8f6-4e16-815d-557163cbddfa"/>
<objectids-entry key="Default zone¤Retail¤Buyer¤b905bad1-a31e-46b2-8637-6b56158e4e00" objectid="276" type="SLA_THRESHOLD" value="19b5c085-6d1c-4514-abaf-5dd4c08b39c2"/>
<objectids-entry key="Default zone¤Retail¤Buyer¤b905bad1-a31e-46b2-8637-6b56158e4e00" objectid="277" type="SLA_THRESHOLD" value="cda4fc1d-e21b-4e75-971b-edb31bf5556b"/>
<objectids-entry key="Default zone¤Retail¤Buyer¤b905bad1-a31e-46b2-8637-6b56158e4e00" objectid="278" type="SLA_THRESHOLD" value="b1e2f339-89f2-4e51-9d2e-8fd5d86783af"/>
<objectids-entry key="Default zone¤Retail¤Buyer¤b905bad1-a31e-46b2-8637-6b56158e4e00" objectid="279" type="SLA_THRESHOLD" value="a496cb65-e62e-4baf-a53b-1a14e8ab0483"/>
<objectids-entry key="Default zone¤Retail¤Buyer¤b905bad1-a31e-46b2-8637-6b56158e4e00" objectid="280" type="SLA_THRESHOLD" value="803beaac-6b42-41ff-943a-7d129d0c405b"/>
<objectids-entry key="Default zone¤Retail¤Buyer¤b905bad1-a31e-46b2-8637-6b56158e4e00" objectid="281" type="SLA_THRESHOLD" value="b2e8c1ff-5048-4cda-997f-f7980901a98b"/>
<objectids-entry key="Default zone¤Retail¤Buyer" objectid="282" type="BASIC_LOGICAL_CONTAINER" value="37f869d2-b27f-4524-b627-5360f2ff0ec4"/>
<objectids-entry key="Default zone¤Retail¤Buyer" objectid="283" type="HTTP_PAGE" value="9d3c9b10-2c67-4014-a1cf-2e54ec1f6fdd"/>
<objectids-entry key="Default zone¤Retail¤Buyer" objectid="284" type="ACTION" value="bc8dc12b-2f55-48f9-bd62-581363c54c53"/>
<objectids-entry key="Default zone¤Retail¤Buyer¤37f869d2-b27f-4524-b627-5360f2ff0ec4" objectid="285" type="SLA_THRESHOLD" value="fc166381-45df-4e9d-b72c-9edd90b31f6b"/>
<objectids-entry key="Default zone¤Retail¤Buyer¤37f869d2-b27f-4524-b627-5360f2ff0ec4" objectid="286" type="SLA_THRESHOLD" value="35c39a97-82df-4122-af04-ff39b5114a34"/>
<objectids-entry key="Default zone¤Retail¤Buyer¤37f869d2-b27f-4524-b627-5360f2ff0ec4" objectid="287" type="SLA_THRESHOLD" value="40a334ea-9e18-49f7-b496-f809b5d44da4"/>
<objectids-entry key="Default zone¤Retail¤Buyer¤37f869d2-b27f-4524-b627-5360f2ff0ec4" objectid="288" type="SLA_THRESHOLD" value="9a038a4a-fb75-4fc5-81c9-15cebca54c42"/>
<objectids-entry key="Default zone¤Retail¤Buyer¤37f869d2-b27f-4524-b627-5360f2ff0ec4" objectid="289" type="SLA_THRESHOLD" value="28a8c925-166d-46df-9684-b84d52d41981"/>
<objectids-entry key="Default zone¤Retail¤Buyer¤37f869d2-b27f-4524-b627-5360f2ff0ec4" objectid="290" type="SLA_THRESHOLD" value="1d80ee3b-f20f-4c38-827d-e11b89a83737"/>
<objectids-entry key="Default zone¤Retail¤Buyer¤37f869d2-b27f-4524-b627-5360f2ff0ec4" objectid="291" type="SLA_THRESHOLD" value="66fc907a-f907-45a8-b087-ad79b6923d4a"/>
<objectids-entry key="Default zone¤Retail¤Buyer¤37f869d2-b27f-4524-b627-5360f2ff0ec4" objectid="292" type="SLA_THRESHOLD" value="5027d115-737b-422e-89e4-75d547d35304"/>
<objectids-entry key="Default zone¤Retail¤Buyer¤37f869d2-b27f-4524-b627-5360f2ff0ec4" objectid="293" type="SLA_THRESHOLD" value="278aaad9-c8f6-4e16-815d-557163cbddfa"/>
<objectids-entry key="Default zone¤Retail¤Buyer¤37f869d2-b27f-4524-b627-5360f2ff0ec4" objectid="294" type="SLA_THRESHOLD" value="19b5c085-6d1c-4514-abaf-5dd4c08b39c2"/>
<objectids-entry key="Default zone¤Retail¤Buyer¤37f869d2-b27f-4524-b627-5360f2ff0ec4" objectid="295" type="SLA_THRESHOLD" value="cda4fc1d-e21b-4e75-971b-edb31bf5556b"/>
<objectids-entry key="Default zone¤Retail¤Buyer¤37f869d2-b27f-4524-b627-5360f2ff0ec4" objectid="296" type="SLA_THRESHOLD" value="b1e2f339-89f2-4e51-9d2e-8fd5d86783af"/>
<objectids-entry key="Default zone¤Retail¤Buyer¤37f869d2-b27f-4524-b627-5360f2ff0ec4" objectid="297" type="SLA_THRESHOLD" value="a496cb65-e62e-4baf-a53b-1a14e8ab0483"/>
<objectids-entry key="Default zone¤Retail¤Buyer¤37f869d2-b27f-4524-b627-5360f2ff0ec4" objectid="298" type="SLA_THRESHOLD" value="803beaac-6b42-41ff-943a-7d129d0c405b"/>
<objectids-entry key="Default zone¤Retail¤Buyer¤37f869d2-b27f-4524-b627-5360f2ff0ec4" objectid="299" type="SLA_THRESHOLD" value="b2e8c1ff-5048-4cda-997f-f7980901a98b"/>
<objectids-entry key="Default zone¤Retail¤Buyer" objectid="300" type="BASIC_LOGICAL_CONTAINER" value="ae52b0e2-0765-4e2b-9b2e-231cbecb0f00"/>
<objectids-entry key="Default zone¤Retail¤Buyer" objectid="301" type="HTTP_PAGE" value="68e78df2-efa7-4355-838c-f959945af6b6"/>
<objectids-entry key="Default zone¤Retail¤Buyer" objectid="302" type="ACTION" value="db73ee3f-2b5d-40df-a981-8c7ef3777fe9"/>
<objectids-entry key="Default zone¤Retail¤Buyer" objectid="303" type="BASIC_LOGICAL_CONTAINER" value="868883ae-cc2e-424a-85ef-2df37365e8e6"/>
<objectids-entry key="Default zone¤Retail¤Buyer" objectid="304" type="HTTP_PAGE" value="7ac41641-1caf-48bb-8798-7c06c8aa1a15"/>
<objectids-entry key="Default zone¤Retail¤Buyer" objectid="305" type="ACTION" value="07299086-fb15-434a-84fa-08bd70beb338"/>
<objectids-entry key="Default zone¤Retail¤Buyer" objectid="306" type="ACTION" value="3683cd8f-a619-47a4-9d2b-72bd190576ba"/>
<objectids-entry key="Default zone¤Retail¤Buyer¤868883ae-cc2e-424a-85ef-2df37365e8e6" objectid="307" type="SLA_THRESHOLD" value="fc166381-45df-4e9d-b72c-9edd90b31f6b"/>
<objectids-entry key="Default zone¤Retail¤Buyer¤868883ae-cc2e-424a-85ef-2df37365e8e6" objectid="308" type="SLA_THRESHOLD" value="35c39a97-82df-4122-af04-ff39b5114a34"/>
<objectids-entry key="Default zone¤Retail¤Buyer¤868883ae-cc2e-424a-85ef-2df37365e8e6" objectid="309" type="SLA_THRESHOLD" value="40a334ea-9e18-49f7-b496-f809b5d44da4"/>
<objectids-entry key="Default zone¤Retail¤Buyer¤868883ae-cc2e-424a-85ef-2df37365e8e6" objectid="310" type="SLA_THRESHOLD" value="9a038a4a-fb75-4fc5-81c9-15cebca54c42"/>
<objectids-entry key="Default zone¤Retail¤Buyer¤868883ae-cc2e-424a-85ef-2df37365e8e6" objectid="311" type="SLA_THRESHOLD" value="28a8c925-166d-46df-9684-b84d52d41981"/>
<objectids-entry key="Default zone¤Retail¤Buyer¤868883ae-cc2e-424a-85ef-2df37365e8e6" objectid="312" type="SLA_THRESHOLD" value="1d80ee3b-f20f-4c38-827d-e11b89a83737"/>
<objectids-entry key="Default zone¤Retail¤Buyer¤868883ae-cc2e-424a-85ef-2df37365e8e6" objectid="313" type="SLA_THRESHOLD" value="66fc907a-f907-45a8-b087-ad79b6923d4a"/>
<objectids-entry key="Default zone¤Retail¤Buyer¤868883ae-cc2e-424a-85ef-2df37365e8e6" objectid="314" type="SLA_THRESHOLD" value="5027d115-737b-422e-89e4-75d547d35304"/>
<objectids-entry key="Default zone¤Retail¤Buyer¤868883ae-cc2e-424a-85ef-2df37365e8e6" objectid="315" type="SLA_THRESHOLD" value="278aaad9-c8f6-4e16-815d-557163cbddfa"/>
<objectids-entry key="Default zone¤Retail¤Buyer¤868883ae-cc2e-424a-85ef-2df37365e8e6" objectid="316" type="SLA_THRESHOLD" value="19b5c085-6d1c-4514-abaf-5dd4c08b39c2"/>
<objectids-entry key="Default zone¤Retail¤Buyer¤868883ae-cc2e-424a-85ef-2df37365e8e6" objectid="317" type="SLA_THRESHOLD" value="cda4fc1d-e21b-4e75-971b-edb31bf5556b"/>
<objectids-entry key="Default zone¤Retail¤Buyer¤868883ae-cc2e-424a-85ef-2df37365e8e6" objectid="318" type="SLA_THRESHOLD" value="b1e2f339-89f2-4e51-9d2e-8fd5d86783af"/>
<objectids-entry key="Default zone¤Retail¤Buyer¤868883ae-cc2e-424a-85ef-2df37365e8e6" objectid="319" type="SLA_THRESHOLD" value="a496cb65-e62e-4baf-a53b-1a14e8ab0483"/>
<objectids-entry key="Default zone¤Retail¤Buyer¤868883ae-cc2e-424a-85ef-2df37365e8e6" objectid="320" type="SLA_THRESHOLD" value="803beaac-6b42-41ff-943a-7d129d0c405b"/>
<objectids-entry key="Default zone¤Retail¤Buyer¤868883ae-cc2e-424a-85ef-2df37365e8e6" objectid="321" type="SLA_THRESHOLD" value="b2e8c1ff-5048-4cda-997f-f7980901a98b"/>
<objectids-entry key="Default zone¤Retail¤Buyer" objectid="322" type="BASIC_LOGICAL_CONTAINER" value="$parent=Buyer;$index=2"/>
<objectids-entry key="¤¤" objectid="323" type="MONITORED_HOST" value="NeoLoad"/>
<objectids-entry key="¤¤" objectid="324" type="MONITORCONNECTION" value="NeoLoad$NeoLoad"/>
<objectids-entry key="¤¤" objectid="325" type="MONITOR" value="NeoLoad$NeoLoad$UserLoad"/>
<objectids-entry key="¤¤" objectid="326" type="MONITOR" value="NeoLoad$NeoLoad$throughput"/>
<objectids-entry key="¤¤" objectid="327" type="MONITOR" value="NeoLoad$NeoLoad$Alerts"/>
<objectids-entry key="¤¤" objectid="328" type="MONITOR" value="NeoLoad$NeoLoad$CriticalAlerts"/>
<objectids-entry key="¤¤" objectid="329" type="MONITOR" value="NeoLoad$NeoLoad$WarningAlerts"/>
<objectids-entry key="¤¤" objectid="330" type="MONITOR" value="NeoLoad$NeoLoad$cpu"/>
<objectids-entry key="¤¤" objectid="331" type="THRESHOLD" value="NeoLoad$NeoLoad$95d82317-eaa4-45c6-ab47-5840f31ca907"/>
<objectids-entry key="¤¤" objectid="332" type="MONITOR" value="NeoLoad$NeoLoad$memory"/>
<objectids-entry key="¤¤" objectid="333" type="THRESHOLD" value="NeoLoad$NeoLoad$fa14d71c-34bb-45ce-8ea9-6ff2fca7651c"/>
<objectids-entry key="¤¤" objectid="334" type="MONITOR" value="NeoLoad$NeoLoad$threadcount"/>
<objectids-entry key="¤¤" objectid="335" type="MONITOR" value="NeoLoad$NeoLoad$connectedlg"/>
<objectids-entry key="¤¤" objectid="336" type="MONITOR" value="NeoLoad$NeoLoad$totallgdisconnections"/>
<objectids-entry key="¤¤" objectid="337" type="THRESHOLD" value="NeoLoad$NeoLoad$b43d66c1-8b05-4e12-b1cc-edf95a2ee990"/>
<objectids-entry key="¤¤" objectid="338" type="MONITOR" value="NeoLoad$NeoLoad$totallgreconnections"/>
<objectids-entry key="¤¤" objectid="339" type="MONITOR" value="NeoLoad$NeoLoad$otcp.NeoLoad"/>
<objectids-entry key="¤¤" objectid="340" type="MONITOR" value="NeoLoad$NeoLoad$tcp.NeoLoad"/>
<objectids-entry key="¤¤" objectid="341" type="MONITOR" value="NeoLoad$NeoLoad$ibytesperinterface~NeoLoad~wlan0"/>
<objectids-entry key="¤¤" objectid="342" type="MONITOR" value="NeoLoad$NeoLoad$obytesperinterface~NeoLoad~wlan0"/>
<objectids-entry key="¤¤" objectid="343" type="MONITOR" value="NeoLoad$NeoLoad$ibytesperinterface~NeoLoad~eth6"/>
<objectids-entry key="¤¤" objectid="344" type="MONITOR" value="NeoLoad$NeoLoad$obytesperinterface~NeoLoad~eth6"/>
<objectids-entry key="¤¤" objectid="345" type="MONITOR" value="NeoLoad$NeoLoad$ibytesperinterface~NeoLoad~eth4"/>
<objectids-entry key="¤¤" objectid="346" type="MONITOR" value="NeoLoad$NeoLoad$obytesperinterface~NeoLoad~eth4"/>
<objectids-entry key="¤¤" objectid="347" type="MONITOR" value="NeoLoad$NeoLoad$ibytesperinterface~NeoLoad~eth3"/>
<objectids-entry key="¤¤" objectid="348" type="MONITOR" value="NeoLoad$NeoLoad$obytesperinterface~NeoLoad~eth3"/>
<objectids-entry key="¤¤" objectid="349" type="MONITOR" value="NeoLoad$NeoLoad$ibytesperinterface~NeoLoad~eth0"/>
<objectids-entry key="¤¤" objectid="350" type="MONITOR" value="NeoLoad$NeoLoad$obytesperinterface~NeoLoad~eth0"/>
<objectids-entry key="¤¤" objectid="351" type="MONITOR" value="NeoLoad$NeoLoad$ibytesperinterface~NeoLoad~wlan2"/>
<objectids-entry key="¤¤" objectid="352" type="MONITOR" value="NeoLoad$NeoLoad$obytesperinterface~NeoLoad~wlan2"/>
<objectids-entry key="¤¤" objectid="353" type="MONITOR" value="NeoLoad$NeoLoad$nlwebdownload"/>
<objectids-entry key="¤¤" objectid="354" type="MONITOR" value="NeoLoad$NeoLoad$nlwebupload"/>
<objectids-entry key="¤¤" objectid="355" type="MONITOR" value="NeoLoad$NeoLoad$SapUserLoad"/>
<objectids-entry key="¤¤" objectid="356" type="MONITOR" value="NeoLoad$NeoLoad$CitrixUserLoad"/>
<objectids-entry key="¤¤" objectid="357" type="MONITOR" value="NeoLoad$NeoLoad$zoneuserload~Default zone"/>
<objectids-entry key="¤¤" objectid="358" type="MONITOR" value="NeoLoad$NeoLoad$zoneuserloadperpopulation~Default zone~Retail"/>
<objectids-entry key="¤¤" objectid="359" type="MONITOR" value="NeoLoad$NeoLoad$zoneuserloadperpopulation~Default zone~Retail~Browser"/>
<objectids-entry key="¤¤" objectid="360" type="MONITOR" value="NeoLoad$NeoLoad$zoneuserloadperpopulation~Default zone~Retail~Buyer"/>
<objectids-entry key="¤¤" objectid="361" type="MONITORED_HOST" value="Controller-Host"/>
<objectids-entry key="¤¤" objectid="362" type="MONITORCONNECTION" value="Controller-Host$Dynatrace"/>
<objectids-entry key="¤¤" objectid="363" type="MONITOR" value="Controller-Host$Dynatrace$HOST-727E6FBD8BC6FF5D/builtin:containers.devicemapper_data_space_available"/>
<objectids-entry key="¤¤" objectid="364" type="MONITOR" value="Controller-Host$Dynatrace$HOST-727E6FBD8BC6FF5D/builtin:containers.devicemapper_data_space_used"/>
<objectids-entry key="¤¤" objectid="365" type="MONITOR" value="Controller-Host$Dynatrace$HOST-727E6FBD8BC6FF5D/builtin:containers.devicemapper_metadata_space_available"/>
<objectids-entry key="¤¤" objectid="366" type="MONITOR" value="Controller-Host$Dynatrace$HOST-727E6FBD8BC6FF5D/builtin:containers.devicemapper_metadata_space_used"/>
<objectids-entry key="¤¤" objectid="367" type="MONITOR" value="Controller-Host$Dynatrace$HOST-727E6FBD8BC6FF5D/builtin:host.cpu.entc"/>
<objectids-entry key="¤¤" objectid="368" type="MONITOR" value="Controller-Host$Dynatrace$HOST-727E6FBD8BC6FF5D/builtin:host.cpu.entConfig"/>
<objectids-entry key="¤¤" objectid="369" type="MONITOR" value="Controller-Host$Dynatrace$HOST-727E6FBD8BC6FF5D/builtin:host.cpu.idle"/>
<objectids-entry key="¤¤" objectid="370" type="MONITOR" value="Controller-Host$Dynatrace$HOST-727E6FBD8BC6FF5D/builtin:host.cpu.iowait"/>
<objectids-entry key="¤¤" objectid="371" type="MONITOR" value="Controller-Host$Dynatrace$HOST-727E6FBD8BC6FF5D/builtin:host.cpu.load"/>
<objectids-entry key="¤¤" objectid="372" type="MONITOR" value="Controller-Host$Dynatrace$HOST-727E6FBD8BC6FF5D/builtin:host.cpu.load15m"/>
<objectids-entry key="¤¤" objectid="373" type="MONITOR" value="Controller-Host$Dynatrace$HOST-727E6FBD8BC6FF5D/builtin:host.cpu.load5m"/>
<objectids-entry key="¤¤" objectid="374" type="MONITOR" value="Controller-Host$Dynatrace$HOST-727E6FBD8BC6FF5D/builtin:host.cpu.other"/>
<objectids-entry key="¤¤" objectid="375" type="MONITOR" value="Controller-Host$Dynatrace$HOST-727E6FBD8BC6FF5D/builtin:host.cpu.physc"/>
<objectids-entry key="¤¤" objectid="376" type="MONITOR" value="Controller-Host$Dynatrace$HOST-727E6FBD8BC6FF5D/builtin:host.cpu.steal"/>
<objectids-entry key="¤¤" objectid="377" type="MONITOR" value="Controller-Host$Dynatrace$HOST-727E6FBD8BC6FF5D/builtin:host.cpu.system"/>
<objectids-entry key="¤¤" objectid="378" type="MONITOR" value="Controller-Host$Dynatrace$HOST-727E6FBD8BC6FF5D/builtin:host.cpu.usage"/>
<objectids-entry key="¤¤" objectid="379" type="MONITOR" value="Controller-Host$Dynatrace$HOST-727E6FBD8BC6FF5D/builtin:host.cpu.user"/>
<objectids-entry key="¤¤" objectid="380" type="MONITOR" value="Controller-Host$Dynatrace$HOST-727E6FBD8BC6FF5D/builtin:host.cpu.msu.avg"/>
<objectids-entry key="¤¤" objectid="381" type="MONITOR" value="Controller-Host$Dynatrace$HOST-727E6FBD8BC6FF5D/builtin:host.cpu.msu.capacity"/>
<objectids-entry key="¤¤" objectid="382" type="MONITOR" value="Controller-Host$Dynatrace$HOST-727E6FBD8BC6FF5D/builtin:host.cpu.ziip.eligible"/>
<objectids-entry key="¤¤" objectid="383" type="MONITOR" value="Controller-Host$Dynatrace$HOST-727E6FBD8BC6FF5D/builtin:host.cpu.ziip.usage"/>
<objectids-entry key="¤¤" objectid="384" type="MONITOR" value="Controller-Host$Dynatrace$HOST-727E6FBD8BC6FF5D/builtin:host.disk.avail"/>
<objectids-entry key="¤¤" objectid="385" type="MONITOR" value="Controller-Host$Dynatrace$HOST-727E6FBD8BC6FF5D/builtin:host.disk.bytesRead"/>
<objectids-entry key="¤¤" objectid="386" type="MONITOR" value="Controller-Host$Dynatrace$HOST-727E6FBD8BC6FF5D/builtin:host.disk.bytesWritten"/>
<objectids-entry key="¤¤" objectid="387" type="MONITOR" value="Controller-Host$Dynatrace$HOST-727E6FBD8BC6FF5D/builtin:host.disk.free"/>
<objectids-entry key="¤¤" objectid="388" type="MONITOR" value="Controller-Host$Dynatrace$HOST-727E6FBD8BC6FF5D/builtin:host.disk.inodesAvail"/>
<objectids-entry key="¤¤" objectid="389" type="MONITOR" value="Controller-Host$Dynatrace$HOST-727E6FBD8BC6FF5D/builtin:host.disk.inodesTotal"/>
<objectids-entry key="¤¤" objectid="390" type="MONITOR" value="Controller-Host$Dynatrace$HOST-727E6FBD8BC6FF5D/builtin:host.disk.queueLength"/>
<objectids-entry key="¤¤" objectid="391" type="MONITOR" value="Controller-Host$Dynatrace$HOST-727E6FBD8BC6FF5D/builtin:host.disk.readOps"/>
<objectids-entry key="¤¤" objectid="392" type="MONITOR" value="Controller-Host$Dynatrace$HOST-727E6FBD8BC6FF5D/builtin:host.disk.readTime"/>
<objectids-entry key="¤¤" objectid="393" type="MONITOR" value="Controller-Host$Dynatrace$HOST-727E6FBD8BC6FF5D/builtin:host.disk.used"/>
<objectids-entry key="¤¤" objectid="394" type="MONITOR" value="Controller-Host$Dynatrace$HOST-727E6FBD8BC6FF5D/builtin:host.disk.usedPct"/>
<objectids-entry key="¤¤" objectid="395" type="MONITOR" value="Controller-Host$Dynatrace$HOST-727E6FBD8BC6FF5D/builtin:host.disk.utilTime"/>
<objectids-entry key="¤¤" objectid="396" type="MONITOR" value="Controller-Host$Dynatrace$HOST-727E6FBD8BC6FF5D/builtin:host.disk.writeOps"/>
<objectids-entry key="¤¤" objectid="397" type="MONITOR" value="Controller-Host$Dynatrace$HOST-727E6FBD8BC6FF5D/builtin:host.disk.writeTime"/>
<objectids-entry key="¤¤" objectid="398" type="MONITOR" value="Controller-Host$Dynatrace$HOST-727E6FBD8BC6FF5D/builtin:host.disk.throughput.read"/>
<objectids-entry key="¤¤" objectid="399" type="MONITOR" value="Controller-Host$Dynatrace$HOST-727E6FBD8BC6FF5D/builtin:host.disk.throughput.write"/>
<objectids-entry key="¤¤" objectid="400" type="MONITOR" value="Controller-Host$Dynatrace$HOST-727E6FBD8BC6FF5D/builtin:host.mem.used"/>
<objectids-entry key="¤¤" objectid="401" type="MONITOR" value="Controller-Host$Dynatrace$HOST-727E6FBD8BC6FF5D/builtin:host.mem.avail.bytes"/>
<objectids-entry key="¤¤" objectid="402" type="MONITOR" value="Controller-Host$Dynatrace$HOST-727E6FBD8BC6FF5D/builtin:host.mem.avail.pct"/>
<objectids-entry key="¤¤" objectid="403" type="MONITOR" value="Controller-Host$Dynatrace$HOST-727E6FBD8BC6FF5D/builtin:host.mem.avail.pfps"/>
<objectids-entry key="¤¤" objectid="404" type="MONITOR" value="Controller-Host$Dynatrace$HOST-727E6FBD8BC6FF5D/builtin:host.net.nic.bytesRx"/>
<objectids-entry key="¤¤" objectid="405" type="MONITOR" value="Controller-Host$Dynatrace$HOST-727E6FBD8BC6FF5D/builtin:host.net.nic.bytesTx"/>
<objectids-entry key="¤¤" objectid="406" type="MONITOR" value="Controller-Host$Dynatrace$HOST-727E6FBD8BC6FF5D/builtin:host.net.nic.packets.rx"/>
<objectids-entry key="¤¤" objectid="407" type="MONITOR" value="Controller-Host$Dynatrace$HOST-727E6FBD8BC6FF5D/builtin:host.net.nic.packets.tx"/>
<objectids-entry key="¤¤" objectid="408" type="MONITOR" value="Controller-Host$Dynatrace$HOST-727E6FBD8BC6FF5D/builtin:host.osService.availability"/>
<objectids-entry key="¤¤" objectid="409" type="MONITOR" value="Controller-Host$Dynatrace$HOST-727E6FBD8BC6FF5D/builtin:host.kernelThreads.blocked"/>
<objectids-entry key="¤¤" objectid="410" type="MONITOR" value="Controller-Host$Dynatrace$HOST-727E6FBD8BC6FF5D/builtin:host.kernelThreads.ioEventWait"/>
<objectids-entry key="¤¤" objectid="411" type="MONITOR" value="Controller-Host$Dynatrace$HOST-727E6FBD8BC6FF5D/builtin:host.kernelThreads.ioMessageWait"/>
<objectids-entry key="¤¤" objectid="412" type="MONITOR" value="Controller-Host$Dynatrace$HOST-727E6FBD8BC6FF5D/builtin:host.kernelThreads.running"/>
<objectids-entry key="¤¤" objectid="413" type="MONITOR" value="Controller-Host$Dynatrace$SERVICE-03A356E3877999D9/builtin:service.dbChildCallCount"/>
<objectids-entry key="¤¤" objectid="414" type="MONITOR" value="Controller-Host$Dynatrace$SERVICE-0CCD4CD5C7ED4698/builtin:service.dbChildCallCount"/>
<objectids-entry key="¤¤" objectid="415" type="MONITOR" value="Controller-Host$Dynatrace$SERVICE-B3E08013ABE677C2/builtin:service.dbChildCallCount"/>
<objectids-entry key="¤¤" objectid="416" type="MONITOR" value="Controller-Host$Dynatrace$SERVICE-03A356E3877999D9/builtin:service.dbChildCallTime"/>
<objectids-entry key="¤¤" objectid="417" type="MONITOR" value="Controller-Host$Dynatrace$SERVICE-0CCD4CD5C7ED4698/builtin:service.dbChildCallTime"/>
<objectids-entry key="¤¤" objectid="418" type="MONITOR" value="Controller-Host$Dynatrace$SERVICE-B3E08013ABE677C2/builtin:service.dbChildCallTime"/>
<objectids-entry key="¤¤" objectid="419" type="MONITOR" value="Controller-Host$Dynatrace$SERVICE-03A356E3877999D9/builtin:service.ioTime"/>
<objectids-entry key="¤¤" objectid="420" type="MONITOR" value="Controller-Host$Dynatrace$SERVICE-0CCD4CD5C7ED4698/builtin:service.ioTime"/>
<objectids-entry key="¤¤" objectid="421" type="MONITOR" value="Controller-Host$Dynatrace$SERVICE-B3E08013ABE677C2/builtin:service.ioTime"/>
<objectids-entry key="¤¤" objectid="422" type="MONITOR" value="Controller-Host$Dynatrace$SERVICE-03A356E3877999D9/builtin:service.nonDbChildCallCount"/>
<objectids-entry key="¤¤" objectid="423" type="MONITOR" value="Controller-Host$Dynatrace$SERVICE-0CCD4CD5C7ED4698/builtin:service.nonDbChildCallCount"/>
<objectids-entry key="¤¤" objectid="424" type="MONITOR" value="Controller-Host$Dynatrace$SERVICE-B3E08013ABE677C2/builtin:service.nonDbChildCallCount"/>
<objectids-entry key="¤¤" objectid="425" type="MONITOR" value="Controller-Host$Dynatrace$SERVICE-03A356E3877999D9/builtin:service.nonDbChildCallTime"/>
<objectids-entry key="¤¤" objectid="426" type="MONITOR" value="Controller-Host$Dynatrace$SERVICE-0CCD4CD5C7ED4698/builtin:service.nonDbChildCallTime"/>
<objectids-entry key="¤¤" objectid="427" type="MONITOR" value="Controller-Host$Dynatrace$SERVICE-B3E08013ABE677C2/builtin:service.nonDbChildCallTime"/>
<objectids-entry key="¤¤" objectid="428" type="MONITOR" value="Controller-Host$Dynatrace$SERVICE-03A356E3877999D9/builtin:service.errors.client.rate"/>
<objectids-entry key="¤¤" objectid="429" type="MONITOR" value="Controller-Host$Dynatrace$SERVICE-0CCD4CD5C7ED4698/builtin:service.errors.client.rate"/>
<objectids-entry key="¤¤" objectid="430" type="MONITOR" value="Controller-Host$Dynatrace$SERVICE-B3E08013ABE677C2/builtin:service.errors.client.rate"/>
<objectids-entry key="¤¤" objectid="431" type="MONITOR" value="Controller-Host$Dynatrace$SERVICE-03A356E3877999D9/builtin:service.errors.fivexx.count"/>
<objectids-entry key="¤¤" objectid="432" type="MONITOR" value="Controller-Host$Dynatrace$SERVICE-0CCD4CD5C7ED4698/builtin:service.errors.fivexx.count"/>
<objectids-entry key="¤¤" objectid="433" type="MONITOR" value="Controller-Host$Dynatrace$SERVICE-B3E08013ABE677C2/builtin:service.errors.fivexx.count"/>
<objectids-entry key="¤¤" objectid="434" type="MONITOR" value="Controller-Host$Dynatrace$SERVICE-03A356E3877999D9/builtin:service.errors.fourxx.count"/>
<objectids-entry key="¤¤" objectid="435" type="MONITOR" value="Controller-Host$Dynatrace$SERVICE-0CCD4CD5C7ED4698/builtin:service.errors.fourxx.count"/>
<objectids-entry key="¤¤" objectid="436" type="MONITOR" value="Controller-Host$Dynatrace$SERVICE-B3E08013ABE677C2/builtin:service.errors.fourxx.count"/>
<objectids-entry key="¤¤" objectid="437" type="MONITOR" value="Controller-Host$Dynatrace$SERVICE-03A356E3877999D9/builtin:service.errors.server.rate"/>
<objectids-entry key="¤¤" objectid="438" type="MONITOR" value="Controller-Host$Dynatrace$SERVICE-0CCD4CD5C7ED4698/builtin:service.errors.server.rate"/>
<objectids-entry key="¤¤" objectid="439" type="MONITOR" value="Controller-Host$Dynatrace$SERVICE-B3E08013ABE677C2/builtin:service.errors.server.rate"/>
<objectids-entry key="¤¤" objectid="440" type="MONITOR" value="Controller-Host$Dynatrace$SERVICE-03A356E3877999D9/builtin:service.errors.total.rate"/>
<objectids-entry key="¤¤" objectid="441" type="MONITOR" value="Controller-Host$Dynatrace$SERVICE-0CCD4CD5C7ED4698/builtin:service.errors.total.rate"/>
<objectids-entry key="¤¤" objectid="442" type="MONITOR" value="Controller-Host$Dynatrace$SERVICE-B3E08013ABE677C2/builtin:service.errors.total.rate"/>
<objectids-entry key="¤¤" objectid="443" type="MONITOR" value="Controller-Host$Dynatrace$SERVICE-03A356E3877999D9/builtin:service.response.time"/>
<objectids-entry key="¤¤" objectid="444" type="MONITOR" value="Controller-Host$Dynatrace$SERVICE-0CCD4CD5C7ED4698/builtin:service.response.time"/>
<objectids-entry key="¤¤" objectid="445" type="MONITOR" value="Controller-Host$Dynatrace$SERVICE-B3E08013ABE677C2/builtin:service.response.time"/>
<objectids-entry key="¤¤" objectid="446" type="MONITOR" value="Controller-Host$Dynatrace$SERVICE-03A356E3877999D9/builtin:service.dbconnections.failure"/>
<objectids-entry key="¤¤" objectid="447" type="MONITOR" value="Controller-Host$Dynatrace$SERVICE-0CCD4CD5C7ED4698/builtin:service.dbconnections.failure"/>
<objectids-entry key="¤¤" objectid="448" type="MONITOR" value="Controller-Host$Dynatrace$SERVICE-B3E08013ABE677C2/builtin:service.dbconnections.failure"/>
<objectids-entry key="¤¤" objectid="449" type="MONITOR" value="Controller-Host$Dynatrace$SERVICE-03A356E3877999D9/builtin:service.dbconnections.failureRate"/>
<objectids-entry key="¤¤" objectid="450" type="MONITOR" value="Controller-Host$Dynatrace$SERVICE-0CCD4CD5C7ED4698/builtin:service.dbconnections.failureRate"/>
<objectids-entry key="¤¤" objectid="451" type="MONITOR" value="Controller-Host$Dynatrace$SERVICE-B3E08013ABE677C2/builtin:service.dbconnections.failureRate"/>
<objectids-entry key="¤¤" objectid="452" type="MONITOR" value="Controller-Host$Dynatrace$SERVICE-03A356E3877999D9/builtin:service.dbconnections.success"/>
<objectids-entry key="¤¤" objectid="453" type="MONITOR" value="Controller-Host$Dynatrace$SERVICE-0CCD4CD5C7ED4698/builtin:service.dbconnections.success"/>
<objectids-entry key="¤¤" objectid="454" type="MONITOR" value="Controller-Host$Dynatrace$SERVICE-B3E08013ABE677C2/builtin:service.dbconnections.success"/>
<objectids-entry key="¤¤" objectid="455" type="MONITOR" value="Controller-Host$Dynatrace$SERVICE-03A356E3877999D9/builtin:service.dbconnections.successRate"/>
<objectids-entry key="¤¤" objectid="456" type="MONITOR" value="Controller-Host$Dynatrace$SERVICE-0CCD4CD5C7ED4698/builtin:service.dbconnections.successRate"/>
<objectids-entry key="¤¤" objectid="457" type="MONITOR" value="Controller-Host$Dynatrace$SERVICE-B3E08013ABE677C2/builtin:service.dbconnections.successRate"/>
<objectids-entry key="¤¤" objectid="458" type="MONITOR" value="Controller-Host$Dynatrace$SERVICE-03A356E3877999D9/builtin:service.dbconnections.total"/>
<objectids-entry key="¤¤" objectid="459" type="MONITOR" value="Controller-Host$Dynatrace$SERVICE-0CCD4CD5C7ED4698/builtin:service.dbconnections.total"/>
<objectids-entry key="¤¤" objectid="460" type="MONITOR" value="Controller-Host$Dynatrace$SERVICE-B3E08013ABE677C2/builtin:service.dbconnections.total"/>
<objectids-entry key="¤¤" objectid="461" type="MONITOR" value="Controller-Host$Dynatrace$SERVICE-03A356E3877999D9/builtin:service.cpu.perRequest"/>
<objectids-entry key="¤¤" objectid="462" type="MONITOR" value="Controller-Host$Dynatrace$SERVICE-0CCD4CD5C7ED4698/builtin:service.cpu.perRequest"/>
<objectids-entry key="¤¤" objectid="463" type="MONITOR" value="Controller-Host$Dynatrace$SERVICE-B3E08013ABE677C2/builtin:service.cpu.perRequest"/>
<objectids-entry key="¤¤" objectid="464" type="MONITOR" value="Controller-Host$Dynatrace$SERVICE-03A356E3877999D9/builtin:service.cpu.time"/>
<objectids-entry key="¤¤" objectid="465" type="MONITOR" value="Controller-Host$Dynatrace$SERVICE-0CCD4CD5C7ED4698/builtin:service.cpu.time"/>
<objectids-entry key="¤¤" objectid="466" type="MONITOR" value="Controller-Host$Dynatrace$SERVICE-B3E08013ABE677C2/builtin:service.cpu.time"/>
<objectids-entry key="¤¤" objectid="467" type="MONITOR" value="Controller-Host$Dynatrace$SERVICE-03A356E3877999D9/builtin:service.requestCount.client"/>
<objectids-entry key="¤¤" objectid="468" type="MONITOR" value="Controller-Host$Dynatrace$SERVICE-0CCD4CD5C7ED4698/builtin:service.requestCount.client"/>
<objectids-entry key="¤¤" objectid="469" type="MONITOR" value="Controller-Host$Dynatrace$SERVICE-B3E08013ABE677C2/builtin:service.requestCount.client"/>
<objectids-entry key="¤¤" objectid="470" type="MONITOR" value="Controller-Host$Dynatrace$SERVICE-03A356E3877999D9/builtin:service.requestCount.server"/>
<objectids-entry key="¤¤" objectid="471" type="MONITOR" value="Controller-Host$Dynatrace$SERVICE-0CCD4CD5C7ED4698/builtin:service.requestCount.server"/>
<objectids-entry key="¤¤" objectid="472" type="MONITOR" value="Controller-Host$Dynatrace$SERVICE-B3E08013ABE677C2/builtin:service.requestCount.server"/>
<objectids-entry key="¤¤" objectid="473" type="MONITOR" value="Controller-Host$Dynatrace$SERVICE-03A356E3877999D9/builtin:service.requestCount.total"/>
<objectids-entry key="¤¤" objectid="474" type="MONITOR" value="Controller-Host$Dynatrace$SERVICE-0CCD4CD5C7ED4698/builtin:service.requestCount.total"/>
<objectids-entry key="¤¤" objectid="475" type="MONITOR" value="Controller-Host$Dynatrace$SERVICE-B3E08013ABE677C2/builtin:service.requestCount.total"/>
<objectids-entry key="¤¤" objectid="476" type="MONITOR" value="Controller-Host$Dynatrace$SERVICE-03A356E3877999D9/builtin:service.successes.server.rate"/>
<objectids-entry key="¤¤" objectid="477" type="MONITOR" value="Controller-Host$Dynatrace$SERVICE-0CCD4CD5C7ED4698/builtin:service.successes.server.rate"/>
<objectids-entry key="¤¤" objectid="478" type="MONITOR" value="Controller-Host$Dynatrace$SERVICE-B3E08013ABE677C2/builtin:service.successes.server.rate"/>
<objectids-entry key="¤¤" objectid="479" type="MONITOR" value="Controller-Host$Dynatrace$PROCESS_GROUP-00D2DADDF4A1D5A0/builtin:tech.generic.count"/>
<objectids-entry key="¤¤" objectid="480" type="MONITOR" value="Controller-Host$Dynatrace$PROCESS_GROUP-D6F62C1FF29CFD51/builtin:tech.generic.count"/>
<objectids-entry key="¤¤" objectid="481" type="MONITOR" value="Controller-Host$Dynatrace$PROCESS_GROUP-00D2DADDF4A1D5A0/builtin:tech.generic.cpu.groupSuspensionTime"/>
<objectids-entry key="¤¤" objectid="482" type="MONITOR" value="Controller-Host$Dynatrace$PROCESS_GROUP-D6F62C1FF29CFD51/builtin:tech.generic.cpu.groupSuspensionTime"/>
<objectids-entry key="¤¤" objectid="483" type="MONITOR" value="Controller-Host$Dynatrace$PROCESS_GROUP-00D2DADDF4A1D5A0/builtin:tech.generic.cpu.groupTotalTime"/>
<objectids-entry key="¤¤" objectid="484" type="MONITOR" value="Controller-Host$Dynatrace$PROCESS_GROUP-D6F62C1FF29CFD51/builtin:tech.generic.cpu.groupTotalTime"/>
<objectids-entry key="¤¤" objectid="485" type="MONITOR" value="Controller-Host$Dynatrace$HOST-727E6FBD8BC6FF5D/builtin:tech.generic.network.packets.baseReRx"/>
<objectids-entry key="¤¤" objectid="486" type="MONITOR" value="Controller-Host$Dynatrace$HOST-727E6FBD8BC6FF5D/builtin:tech.generic.network.packets.baseReTx"/>
<objectids-entry key="¤¤" objectid="487" type="MONITOR" value="Controller-Host$Dynatrace$HOST-727E6FBD8BC6FF5D/builtin:tech.generic.network.packets.reRx"/>
<objectids-entry key="¤¤" objectid="488" type="MONITOR" value="Controller-Host$Dynatrace$HOST-727E6FBD8BC6FF5D/builtin:tech.generic.network.packets.reTx"/>
<objectids-entry key="¤¤" objectid="489" type="MONITOR" value="Controller-Host$Dynatrace$HOST-727E6FBD8BC6FF5D/builtin:tech.generic.network.sessions.new"/>
<objectids-entry key="¤¤" objectid="490" type="MONITOR" value="Controller-Host$Dynatrace$HOST-727E6FBD8BC6FF5D/builtin:tech.generic.network.sessions.reset"/>
<objectids-entry key="¤¤" objectid="491" type="MONITOR" value="Controller-Host$Dynatrace$HOST-727E6FBD8BC6FF5D/builtin:tech.generic.network.sessions.timeout"/>
<objectids-entry key="¤¤" objectid="492" type="MONITOR" value="Controller-Host$Dynatrace$PROCESS_GROUP-00D2DADDF4A1D5A0/builtin:tech.jvm.spark.aliveWorkers"/>
<objectids-entry key="¤¤" objectid="493" type="MONITOR" value="Controller-Host$Dynatrace$PROCESS_GROUP-D6F62C1FF29CFD51/builtin:tech.jvm.spark.aliveWorkers"/>
<objectids-entry key="¤¤" objectid="494" type="MONITOR" value="Controller-Host$Dynatrace$PROCESS_GROUP-00D2DADDF4A1D5A0/builtin:tech.jvm.spark.apps"/>
<objectids-entry key="¤¤" objectid="495" type="MONITOR" value="Controller-Host$Dynatrace$PROCESS_GROUP-D6F62C1FF29CFD51/builtin:tech.jvm.spark.apps"/>
<objectids-entry key="¤¤" objectid="496" type="MONITOR" value="Controller-Host$Dynatrace$PROCESS_GROUP-00D2DADDF4A1D5A0/builtin:tech.jvm.spark.waitingApps"/>
<objectids-entry key="¤¤" objectid="497" type="MONITOR" value="Controller-Host$Dynatrace$PROCESS_GROUP-D6F62C1FF29CFD51/builtin:tech.jvm.spark.waitingApps"/>
<objectids-entry key="¤¤" objectid="498" type="MONITOR" value="Controller-Host$Dynatrace$PROCESS_GROUP-00D2DADDF4A1D5A0/builtin:tech.jvm.spark.workers"/>
<objectids-entry key="¤¤" objectid="499" type="MONITOR" value="Controller-Host$Dynatrace$PROCESS_GROUP-D6F62C1FF29CFD51/builtin:tech.jvm.spark.workers"/>
<objectids-entry key="¤¤" objectid="500" type="MONITOR" value="Controller-Host$Dynatrace$PROCESS_GROUP-00D2DADDF4A1D5A0/builtin:tech.jvm.spark.driver.activeJobs"/>
<objectids-entry key="¤¤" objectid="501" type="MONITOR" value="Controller-Host$Dynatrace$PROCESS_GROUP-D6F62C1FF29CFD51/builtin:tech.jvm.spark.driver.activeJobs"/>
<objectids-entry key="¤¤" objectid="502" type="MONITOR" value="Controller-Host$Dynatrace$PROCESS_GROUP-00D2DADDF4A1D5A0/builtin:tech.jvm.spark.driver.allJobs"/>
<objectids-entry key="¤¤" objectid="503" type="MONITOR" value="Controller-Host$Dynatrace$PROCESS_GROUP-D6F62C1FF29CFD51/builtin:tech.jvm.spark.driver.allJobs"/>
<objectids-entry key="¤¤" objectid="504" type="MONITOR" value="Controller-Host$Dynatrace$PROCESS_GROUP-00D2DADDF4A1D5A0/builtin:tech.jvm.spark.driver.Count"/>
<objectids-entry key="¤¤" objectid="505" type="MONITOR" value="Controller-Host$Dynatrace$PROCESS_GROUP-D6F62C1FF29CFD51/builtin:tech.jvm.spark.driver.Count"/>
<objectids-entry key="¤¤" objectid="506" type="MONITOR" value="Controller-Host$Dynatrace$PROCESS_GROUP-00D2DADDF4A1D5A0/builtin:tech.jvm.spark.driver.failedStages"/>
<objectids-entry key="¤¤" objectid="507" type="MONITOR" value="Controller-Host$Dynatrace$PROCESS_GROUP-D6F62C1FF29CFD51/builtin:tech.jvm.spark.driver.failedStages"/>
<objectids-entry key="¤¤" objectid="508" type="MONITOR" value="Controller-Host$Dynatrace$PROCESS_GROUP-00D2DADDF4A1D5A0/builtin:tech.jvm.spark.driver.Mean"/>
<objectids-entry key="¤¤" objectid="509" type="MONITOR" value="Controller-Host$Dynatrace$PROCESS_GROUP-D6F62C1FF29CFD51/builtin:tech.jvm.spark.driver.Mean"/>
<objectids-entry key="¤¤" objectid="510" type="MONITOR" value="Controller-Host$Dynatrace$PROCESS_GROUP-00D2DADDF4A1D5A0/builtin:tech.jvm.spark.driver.OneMinuteRate"/>
<objectids-entry key="¤¤" objectid="511" type="MONITOR" value="Controller-Host$Dynatrace$PROCESS_GROUP-D6F62C1FF29CFD51/builtin:tech.jvm.spark.driver.OneMinuteRate"/>
<objectids-entry key="¤¤" objectid="512" type="MONITOR" value="Controller-Host$Dynatrace$PROCESS_GROUP-00D2DADDF4A1D5A0/builtin:tech.jvm.spark.driver.runningStages"/>
<objectids-entry key="¤¤" objectid="513" type="MONITOR" value="Controller-Host$Dynatrace$PROCESS_GROUP-D6F62C1FF29CFD51/builtin:tech.jvm.spark.driver.runningStages"/>
<objectids-entry key="¤¤" objectid="514" type="MONITOR" value="Controller-Host$Dynatrace$PROCESS_GROUP-00D2DADDF4A1D5A0/builtin:tech.jvm.spark.driver.waitingStages"/>
<objectids-entry key="¤¤" objectid="515" type="MONITOR" value="Controller-Host$Dynatrace$PROCESS_GROUP-D6F62C1FF29CFD51/builtin:tech.jvm.spark.driver.waitingStages"/>
<objectids-entry key="¤¤" objectid="516" type="MONITORED_HOST" value="ec2-52-51-181-164.eu-west-1.compute.amazonaws.com"/>
<objectids-entry key="¤¤" objectid="517" type="MONITORED_HOST" value="LG localhost:7100"/>
<objectids-entry key="¤¤" objectid="518" type="MONITORCONNECTION" value="LG localhost:7100$NeoLoad"/>
<objectids-entry key="¤¤" objectid="519" type="MONITOR" value="LG localhost:7100$NeoLoad$lgcpu.localhost:7100"/>
<objectids-entry key="¤¤" objectid="520" type="THRESHOLD" value="LG localhost:7100$NeoLoad$cb893ef0-5e62-48d2-b22d-568e27c66955"/>
<objectids-entry key="¤¤" objectid="521" type="MONITOR" value="LG localhost:7100$NeoLoad$lgmemory.localhost:7100"/>
<objectids-entry key="¤¤" objectid="522" type="THRESHOLD" value="LG localhost:7100$NeoLoad$c58976d6-ef14-4fc7-befa-f5b0a736a99c"/>
<objectids-entry key="¤¤" objectid="523" type="MONITOR" value="LG localhost:7100$NeoLoad$lgthroughput.localhost:7100"/>
<objectids-entry key="¤¤" objectid="524" type="MONITOR" value="LG localhost:7100$NeoLoad$lguserloadperpopulation~localhost:7100"/>
<objectids-entry key="¤¤" objectid="525" type="MONITOR" value="LG localhost:7100$NeoLoad$lgthreadcount.localhost:7100"/>
<objectids-entry key="¤¤" objectid="526" type="MONITOR" value="LG localhost:7100$NeoLoad$lg.jetty.httpclient.threadpool.used.localhost:7100"/>
<objectids-entry key="¤¤" objectid="527" type="MONITOR" value="LG localhost:7100$NeoLoad$lg.jetty.httpclient.taskpool.used.localhost:7100"/>
<objectids-entry key="¤¤" objectid="528" type="THRESHOLD" value="LG localhost:7100$NeoLoad$110c4a2b-69fd-4634-bb0c-b47c27140bb4"/>
<objectids-entry key="¤¤" objectid="529" type="MONITOR" value="LG localhost:7100$NeoLoad$lgdisconnections.localhost:7100"/>
<objectids-entry key="¤¤" objectid="530" type="MONITOR" value="LG localhost:7100$NeoLoad$lgreconnections.localhost:7100"/>
<objectids-entry key="¤¤" objectid="531" type="MONITOR" value="LG localhost:7100$NeoLoad$lgping.localhost:7100"/>
<objectids-entry key="¤¤" objectid="532" type="MONITOR" value="LG localhost:7100$NeoLoad$lgotcp.localhost:7100"/>
<objectids-entry key="¤¤" objectid="533" type="MONITOR" value="LG localhost:7100$NeoLoad$lgtcp.localhost:7100"/>
<objectids-entry key="¤¤" objectid="534" type="MONITOR" value="LG localhost:7100$NeoLoad$lgibytesperinterface~localhost:7100~wlan0"/>
<objectids-entry key="¤¤" objectid="535" type="MONITOR" value="LG localhost:7100$NeoLoad$lgobytesperinterface~localhost:7100~wlan0"/>
<objectids-entry key="¤¤" objectid="536" type="MONITOR" value="LG localhost:7100$NeoLoad$lgibytesperinterface~localhost:7100~eth6"/>
<objectids-entry key="¤¤" objectid="537" type="MONITOR" value="LG localhost:7100$NeoLoad$lgobytesperinterface~localhost:7100~eth6"/>
<objectids-entry key="¤¤" objectid="538" type="MONITOR" value="LG localhost:7100$NeoLoad$lgibytesperinterface~localhost:7100~eth4"/>
<objectids-entry key="¤¤" objectid="539" type="MONITOR" value="LG localhost:7100$NeoLoad$lgobytesperinterface~localhost:7100~eth4"/>
<objectids-entry key="¤¤" objectid="540" type="MONITOR" value="LG localhost:7100$NeoLoad$lgibytesperinterface~localhost:7100~eth3"/>
<objectids-entry key="¤¤" objectid="541" type="MONITOR" value="LG localhost:7100$NeoLoad$lgobytesperinterface~localhost:7100~eth3"/>
<objectids-entry key="¤¤" objectid="542" type="MONITOR" value="LG localhost:7100$NeoLoad$lgibytesperinterface~localhost:7100~eth0"/>
<objectids-entry key="¤¤" objectid="543" type="MONITOR" value="LG localhost:7100$NeoLoad$lgobytesperinterface~localhost:7100~eth0"/>
<objectids-entry key="¤¤" objectid="544" type="MONITOR" value="LG localhost:7100$NeoLoad$lgibytesperinterface~localhost:7100~wlan2"/>
<objectids-entry key="¤¤" objectid="545" type="MONITOR" value="LG localhost:7100$NeoLoad$lgobytesperinterface~localhost:7100~wlan2"/>
</objectids-table>
<!--****** DURATION ******-->
<duration value="600741"/>
<!--****** AGGREGATION PERIOD ******-->
<aggregation-period value="1000"/>
<!--****** EXTENDED STATISTICS ******-->
<truncated-mean centered-interval="true" percentage="90"/>
<percentile percentage="50"/>
</project>
